ID1,ID2,Distance
01_AEMN792158TH-,01_AEMN792171TH-,0.00993927
BMN090686US2018,BMN090649US2018,0
BMN090686US2018,BMN090591US2018,0.0031745
BMN090686US2018,BMN090532US2018,0.0031745
BMN090686US2018,BMN090540US2018,0.0031745
BMN090686US2018,BMN090692US2018,0.00211755
BKY778387US2013,BMH843872US2013,0.000351718
BMN090686US2018,BMN090581US2018,0.0031745
BMN090686US2018,BMN090722US2018,0.000351957
01_AEMN792158TH-,01_AEMN792170TH-,0.00602371
BMN090686US2018,BMN090713US2018,0
BMN090686US2018,BMN090593US2018,0.0031745
BMN090686US2018,BMN090505US2018,0.0031745
BMN090686US2018,BMN090529US2018,0.00352827
BMN090686US2018,BMK115694US2016,0
BMN090686US2018,BMN090547US2018,0
BMN090686US2018,BMN090658US2018,0.0031745
BMN090686US2018,BMN090580US2018,0.0031745
BMN090686US2018,BMN090546US2018,0.0031745
BMN090686US2018,BMN090673US2018,0.000351957
BMN090686US2018,BMN090491US2018,0.0031745
BMN090686US2018,BMN090464US2018,0
01_AEMN792161TH-,01_AEMN792120TH-,0.00282132
BMK383681US2014,BMK384200US2010,0.01388
01_AEMN792161TH-,01_AEMN792158TH-,0.00672195
01_AEMN792161TH-,01_AEMN792171TH-,0.0110023
BKY778387US2013,BMH843902US2013,0
01_AEMN792161TH-,01_AEMN792170TH-,0.00565747
CMK643545ZA2015,CMK643542ZA2015,0.000351832
CMK643545ZA2015,CMK643543ZA2015,0
BMN090436US2018,BMN090409US2018,0.00885465
BMN090436US2018,BMN090386US2018,0.0117221
BMN090436US2018,BMN090388US2018,0.0113699
A1MN791853TZ-,A1MN791851TZ-,0.000352586
BMN090340US2018,BMK114990US2016,0.00494905
83_cpxKU820829MM2013,83_cpxKU820823MM2013,0.0142291
BMK383561US2007,BMK383652US2007,0.00994223
BMK383561US2007,BMK383650US2007,0.0149816
01_AEMN792284TH-,01_AEMN792305TH-,0.00105604
01_AEMK272451TH2010,01_AEMK272387TH2010,0.000704097
BMK383561US2007,BMK383481US2007,0.0149678
A1MN791201UG-,A1MN791175UG-,0.00317317
BMK383561US2007,BMK383663US2007,0.0149872
01_AEMN792284TH-,01_AEMN792286TH-,0.000704086
01_AEMK272451TH2010,01_AEMK272384TH2010,0.000704097
A1MN791201UG-,A1MN791186UG-,0.0067195
CMK643759ZA2014,CMK643604ZA2014,0
CMK643759ZA2014,CMK643744ZA2014,0.000351831
A1MN791201UG-,A1MN791193UG-,0.00140881
BMN090797DE2018,BMN090792DE2018,0
CMK643759ZA2014,CMK643762ZA2014,0
CMK643759ZA2014,CMK643609ZA2014,0
BMN090797DE2018,BMN090809DE2018,0
01_AEMN792228TH-,01_AEMN792259TH-,0.00140874
01_AEMN792228TH-,01_AEMN792222TH-,0
BMN090797DE2018,BMN090749DE2018,0
BMK383561US2007,BMK383477US2007,0.0103044
BMK383561US2007,BMK383484US2007,0.0138936
CMK643759ZA2014,CMK643754ZA2014,0.000351831
BMN090797DE2018,BMN090784DE2018,0
01_AEMN792228TH-,01_AEMN792250TH-,0.00388372
CMK643759ZA2014,CMK643610ZA2014,0
BMN090797DE2018,BMN090806DE2018,0
BMN090797DE2018,BMN090746DE2018,0
01_AEMN792228TH-,01_AEMN792252TH-,0.00389188
01_AEMN792228TH-,01_AEMN792249TH-,0
01_AEMN792228TH-,01_AEMN792234TH-,0.000351832
CMK643759ZA2014,CMK643771ZA2014,0.000351953
BMN090797DE2018,BMN090839DE2018,0
BMN090436US2018,BMN090414US2018,0.00778746
BMN090436US2018,BMN090416US2018,0.0102918
BMN090797DE2018,BMN090764DE2018,0
BMN090797DE2018,BMN090805DE2018,0
BMN090797DE2018,BMN090837DE2018,0.000704096
BMN090436US2018,BMN090415US2018,0.00993203
BMN090784DE2018,BMN090806DE2018,0
BMN090784DE2018,BMN090746DE2018,0
BMN090784DE2018,BMN090839DE2018,0
A1CDMN791821KE-,A1CDMN791799KE-,0.00176061
BMN090436US2018,BMK115138US2016,0.00744173
BMN090784DE2018,BMN090764DE2018,0
BMN090784DE2018,BMN090805DE2018,0
BMN090436US2018,BMN090382US2018,0.00885465
BMN090784DE2018,BMN090837DE2018,0.000704096
01_AEMN792437TH-,01_AEMN792432TH-,0.00458777
A1CDMN791821KE-,A1CDMN791801KE-,0.00140798
01_AEAY358046TH2000,01_AEAY358048TH1999,0.00494718
A1CDMN791821KE-,A1CDMN791805KE-,0.00176061
01_AEMN792437TH-,01_AEMN792442TH-,0.000703783
ADMN791488KE-,ADMN791448KE-,0.00070379
01_AEMN792437TH-,01_AEMN792464TH-,0.0010564
ADMN791488KE-,DMN791470KE-,0.00105605
CMK457829BW-,CMK457856BW-,0
01_AEMN792454TH-,01_AEMN792435TH-,0.00494607
ADMN791488KE-,DMN791461KE-,0.00105605
01_AEMN792454TH-,01_AEMN792437TH-,0.00352813
CMK457829BW-,CMK457839BW-,0.00386615
CMK457829BW-,CMK457862BW-,0.00035195
BMT155341CH-,BMT155012CH-,0.014968
BFJ469686US2003,BKT124748US2001,0.00352749
CMK457829BW-,CMK457887BW-,0.000351718
BMT155341CH-,BMT155338CH-,0.000351834
BMT155341CH-,BMT155333CH-,0
ADMN791488KE-,DMN791477KE-,0.000704093
BMN090591US2018,BMN090532US2018,0
BMN090591US2018,BMN090540US2018,0
01_AEMN792454TH-,01_AEMN792432TH-,0.00459047
BMN090591US2018,BMN090692US2018,0.00530352
BMN090591US2018,BMN090581US2018,0
ADMN791488KE-,ADMN791451KE-,0.00070379
BMT155341CH-,BMT155350CH-,0
BMN090591US2018,BMN090722US2018,0.00352758
BMN090591US2018,BMN090713US2018,0.00317338
BMN090591US2018,BMN090593US2018,0
BMK384750US2015,BMK385283US2015,0.0139067
01_AEMN792454TH-,01_AEMN792442TH-,0.0035292
BMN090591US2018,BMN090505US2018,0
BMN090591US2018,BMN090529US2018,0.000351957
BMN090591US2018,BMK115694US2016,0.0031745
BMN090591US2018,BMN090547US2018,0.0031745
BMN090591US2018,BMN090658US2018,0
BMN090209US2018,BMN090241US2018,0.00246885
01_AEMN792454TH-,01_AEMN792464TH-,0.00388266
BMN090591US2018,BMN090580US2018,0
BMN090591US2018,BMN090546US2018,0
BMN090591US2018,BMN090673US2018,0.00352758
BMN090591US2018,BMN090491US2018,0
BMK384750US2015,BMK385331US2015,0.0139067
BMN090591US2018,BMN090464US2018,0.0031745
BMN090209US2018,BMN090270US2018,0.00281989
BMK384750US2015,BMK383457US2014,0.0139346
BMH663807--,BMH663886--,0.0110134
BMN090209US2018,BMN090266US2018,0.0035292
BMN090209US2018,BMN090190US2018,0.00459084
BMK384750US2015,BMK384846US2014,0.0099317
CMK643604ZA2014,CMK643744ZA2014,0.000351831
CMK643604ZA2014,CMK643762ZA2014,0
BMK384750US2015,BMK383725US2014,0.0142783
CMK643604ZA2014,CMK643609ZA2014,0
BMK384750US2015,BMK383445US2014,0.00424625
BMK384750US2015,BMK383593US2011,0.00960932
BMK384750US2015,BMK384895US2015,0.00317889
BMN090209US2018,BMN090292US2018,0.00211454
BMK384750US2015,BMK384456US2015,0.0139067
BMH663807--,BMH663811--,0.00850169
CMK643604ZA2014,CMK643754ZA2014,0.000351831
CMK643604ZA2014,CMK643610ZA2014,0
01_AEMK272426TH2015,01_AEMK272423TH2015,0.000351718
CMK643604ZA2014,CMK643771ZA2014,0.000351953
01_AEMK272426TH2015,01_AEMK272431TH2015,0
01_AEMK272426TH2015,01_AEMK272429TH2015,0
BMH663807--,BMH663855--,0.0117513
BMN090856DE2018,BMN090906DE2018,0.00672369
CMK643744ZA2014,CMK643762ZA2014,0.000426943
CMK643744ZA2014,CMK643609ZA2014,0.000351831
CMK643744ZA2014,CMK643754ZA2014,0.000704091
CMK643744ZA2014,CMK643610ZA2014,0.000351831
CMT194749ZM2006,CMT194744ZM2006,0
BMN090856DE2018,BMN090938DE2018,0.00850374
CMK643744ZA2014,CMK643771ZA2014,0.000703784
BMN090856DE2018,BMN090877DE2018,0.0081471
BMN090856DE2018,BMN090932DE2018,0
BMN090856DE2018,BMN090931DE2018,0.0081471
BMN090856DE2018,BMN090942DE2018,0.00708604
BMN090856DE2018,BMN090874DE2018,0.00707585
BMN090532US2018,BMN090540US2018,0
BMN090856DE2018,BMN090858DE2018,0.0081471
BMN090856DE2018,BMN090881DE2018,0.0081471
CMK643608ZA2014,CMK643760ZA2014,0.000704091
CMK643608ZA2014,CMK643802ZA2014,0.000704091
BMN090806DE2018,BMN090746DE2018,0
BMN090532US2018,BMN090692US2018,0.00530352
CMK643608ZA2014,CMK643759ZA2014,0.000351831
BMN237646KR1993,BHQ026594KR1992,0.0131922
BMN090532US2018,BMN090581US2018,0
BMN090532US2018,BMN090722US2018,0.00352758
BMN090806DE2018,BMN090839DE2018,0
BMN090532US2018,BMN090713US2018,0.00317338
BMN090532US2018,BMN090593US2018,0
CMK643608ZA2014,CMK643604ZA2014,0.000351831
CMK643608ZA2014,CMK643744ZA2014,0.000704091
BMN090532US2018,BMN090505US2018,0
BMN090532US2018,BMN090529US2018,0.000351957
BMN090532US2018,BMK115694US2016,0.0031745
CMK643608ZA2014,CMK643762ZA2014,0
BMN090806DE2018,BMN090764DE2018,0
BMN090532US2018,BMN090547US2018,0.0031745
CMK643608ZA2014,CMK643609ZA2014,0.000351831
BMN090532US2018,BMN090658US2018,0
BMN090806DE2018,BMN090805DE2018,0
BMN090532US2018,BMN090580US2018,0
BMN090532US2018,BMN090546US2018,0
BMN090532US2018,BMN090673US2018,0.00352758
BMN090532US2018,BMN090491US2018,0
BMN090806DE2018,BMN090837DE2018,0.000704096
BMK383628US2005,BMK384168US2005,0.0142546
BMN090532US2018,BMN090464US2018,0.0031745
BMK383628US2005,BMK384244US2007,0.014268
BMK383628US2005,BMK385211US2009,0.0131846
BMK383628US2005,BMK384750US2015,0.0110323
BMK383628US2005,BMK385106US2018,0.0139032
BMK383628US2005,BMK384015US2014,0.0134308
BMK383628US2005,BMK385283US2015,0.013545
A1MN791719KE-,A1MN791733KE-,0
CMK643608ZA2014,CMK643754ZA2014,0.000704092
CMK643608ZA2014,CMK643610ZA2014,0.000351831
BMK383628US2005,BMK385331US2015,0.013545
BMK383628US2005,BMK384955US2018,0.013894
BMK383628US2005,BMK383457US2014,0.011394
CMK643762ZA2014,CMK643609ZA2014,0
CMK643608ZA2014,CMK643771ZA2014,0.000703784
BMK383628US2005,BMK383725US2014,0.0135447
BMK383628US2005,BMK383445US2014,0.0103072
BMK383628US2005,BMK384895US2015,0.00922885
CMK643762ZA2014,CMK643754ZA2014,0.000426943
BMK383628US2005,BMK385281US2014,0.0139034
CMK643762ZA2014,CMK643610ZA2014,0
BMK383628US2005,BMK383957US2014,0.0139034
BMK383628US2005,BMK384456US2015,0.013545
BMK383628US2005,BMK385240US2014,0.0139034
A1MN791719KE-,A1MN791745KE-,0.00140968
CMK643762ZA2014,CMK643771ZA2014,0.000427108
CMK458098BW-,CMK458100BW-,0.000704841
01_AEMT121721TH-,01_AEMT121725TH-,0.00105638
CMK458098BW-,CMK458083BW-,0.00140867
CMK457999BW-,CMK458142BW-,0.00105679
BMN090730US2018,BMN090707US2018,0.0031745
CMK457999BW-,CMK458002BW-,0.00035209
BMN090474US2018,BMN090470US2018,0
BMN090474US2018,BMN090599US2018,0
BMN090474US2018,BMN090490US2018,0
BMN090474US2018,BMN090545US2018,0
BMN090474US2018,BMN090551US2018,0.0031745
BMN090474US2018,BMN090699US2018,0.00565584
CMK457999BW-,CMK458037BW-,0.000426769
CMK457999BW-,CMK458031BW-,0.00035209
CMK457999BW-,CMK457974BW-,0.000704395
BMN090474US2018,BMN090534US2018,0
BMN090730US2018,BMN090453US2018,0
BMN090730US2018,BMN090685US2018,0
BMN090730US2018,BMN090452US2018,0
CMK457999BW-,CMK458008BW-,0.00035209
BMN090474US2018,BMN090512US2018,0.000351956
BMT155043CH-,BMT155357CH-,0.00140881
BMN090474US2018,BMN090531US2018,0.00352758
BMN090474US2018,BMN090567US2018,0.0031745
BMN090730US2018,BMN090474US2018,0
BMN090730US2018,BMN090470US2018,0
BMN090474US2018,BMN090655US2018,0
BMN090474US2018,BMN090664US2018,0
BMN090730US2018,BMN090599US2018,0
BMN090474US2018,BMN090524US2018,0
BMT155043CH-,BMT155103CH-,0.00385126
BMN090474US2018,BMN090686US2018,0.0031745
BMN090730US2018,BMN090490US2018,0
BMN090730US2018,BMN090545US2018,0
01_AEMN792435TH-,01_AEMN792437TH-,0.0049426
BMN090730US2018,BMN090551US2018,0.0031745
BMN090730US2018,BMN090699US2018,0.00565584
BMN090474US2018,BMN090649US2018,0.0031745
BMN090474US2018,BMN090591US2018,0
BMN090474US2018,BMN090532US2018,0
BMN090474US2018,BMN090540US2018,0
BMN090730US2018,BMN090534US2018,0
CMK458002BW-,CMK458037BW-,0
BMN090474US2018,BMN090692US2018,0.00530352
BMN090730US2018,BMN090512US2018,0.000351956
BMN090474US2018,BMN090581US2018,0
CMK458002BW-,CMK458031BW-,0
BMN090474US2018,BMN090722US2018,0.00352758
BMN090730US2018,BMN090531US2018,0.00352758
CMK458002BW-,CMK457974BW-,0.000352206
BMN090730US2018,BMN090567US2018,0.0031745
01_AEMN792435TH-,01_AEMN792432TH-,0.000351832
BMN090474US2018,BMN090713US2018,0.00317338
BMN090474US2018,BMN090593US2018,0
BMN090730US2018,BMN090655US2018,0
BMN090730US2018,BMN090664US2018,0
BMN090730US2018,BMN090524US2018,0
BMN090474US2018,BMN090505US2018,0
BMN090730US2018,BMN090686US2018,0.0031745
BMN090474US2018,BMN090529US2018,0.000351957
CMK458002BW-,CMK458008BW-,0
BMN090474US2018,BMK115694US2016,0.0031745
BMN090474US2018,BMN090547US2018,0.0031745
BMN090474US2018,BMN090658US2018,0
01_AEMN792435TH-,01_AEMN792442TH-,0.00494391
BMN090474US2018,BMN090580US2018,0
BMN090474US2018,BMN090546US2018,0
BMH843743US2013,BMH843765US2013,0
BMN090730US2018,BMN090649US2018,0.0031745
BMN090474US2018,BMN090673US2018,0.00352758
BMN090474US2018,BMN090491US2018,0
BMN090730US2018,BMN090591US2018,0
BMN090730US2018,BMN090532US2018,0
BMN090730US2018,BMN090540US2018,0
01_AEMN792435TH-,01_AEMN792464TH-,0.00529787
BMN090474US2018,BMN090464US2018,0.0031745
BMN090730US2018,BMN090692US2018,0.00530352
BMN090938DE2018,BMN090877DE2018,0.000351949
BMN090938DE2018,BMN090932DE2018,0.00850374
BMN090730US2018,BMN090581US2018,0
BMN090730US2018,BMN090722US2018,0.00352758
BMN090938DE2018,BMN090931DE2018,0.000351949
01_AEMN791996TH-,01_AEMN792018TH-,0.000703648
BMN090938DE2018,BMN090942DE2018,0.0106511
BMN090730US2018,BMN090713US2018,0.00317338
BMN090730US2018,BMN090593US2018,0
BMN090938DE2018,BMN090874DE2018,0.00140876
BMN090730US2018,BMN090505US2018,0
BMN090730US2018,BMN090529US2018,0.000351957
BMN090730US2018,BMK115694US2016,0.0031745
BMN090938DE2018,BMN090858DE2018,0.000351949
BMN090730US2018,BMN090547US2018,0.0031745
BMN090938DE2018,BMN090881DE2018,0.000351949
BMN090730US2018,BMN090658US2018,0
BMN090730US2018,BMN090580US2018,0
BMN090730US2018,BMN090546US2018,0
BMN090730US2018,BMN090673US2018,0.00352758
BMN090730US2018,BMN090491US2018,0
BMN090730US2018,BMN090464US2018,0.0031745
BMK169433US2018,BMK169422US2018,0.00246717
BMK169433US2018,BMK169480US2018,0.0053033
BMN090540US2018,BMN090692US2018,0.00530352
BMN090540US2018,BMN090581US2018,0
BMN090540US2018,BMN090722US2018,0.00352758
BMN090540US2018,BMN090713US2018,0.00317338
BMN090540US2018,BMN090593US2018,0
BMN090540US2018,BMN090505US2018,0
BMN090540US2018,BMN090529US2018,0.000351957
BMN090540US2018,BMK115694US2016,0.0031745
BMK169433US2018,BMK169472US2018,0.00388528
BMN090540US2018,BMN090547US2018,0.0031745
14_BGAF423759ES2000,14_BGFJ670528ES2005,0.0120809
BMN090540US2018,BMN090658US2018,0
BMK169433US2018,BMK169464US2018,0.00317474
BMN090540US2018,BMN090580US2018,0
01_AEMN792220TH-,01_AEMN792228TH-,0
BMN090540US2018,BMN090546US2018,0
BMN090540US2018,BMN090673US2018,0.00352758
BMN090540US2018,BMN090491US2018,0
BMN090540US2018,BMN090464US2018,0.0031745
01_AEMK272490TH2009,01_AEMK272497TH2009,0.000704098
01_AEMN792220TH-,01_AEMN792259TH-,0.00140874
01_AEMN792220TH-,01_AEMN792222TH-,0
01_AEMN792220TH-,01_AEMN792250TH-,0.00388372
01_AEMN792220TH-,01_AEMN792252TH-,0.00389188
01_AEMN792220TH-,01_AEMN792249TH-,0
01_AEMN792220TH-,01_AEMN792234TH-,0.000351832
BMK383630US2005,BMK383898US2014,0.0139034
BMK383630US2005,BMK383628US2005,0
BMK383630US2005,BMK384168US2005,0.0142546
01_AEMK272490TH2009,01_AEMK272481TH2009,0.000351718
BMK383630US2005,BMK384244US2007,0.014268
BMK383630US2005,BMK385211US2009,0.0131846
ACDMN791790KE-,ACDMN791778KE-,0.00176137
BMK383630US2005,BMK384750US2015,0.0110323
01_AEMK272490TH2009,01_AEMK272482TH2009,0
BMK383630US2005,BMK385106US2018,0.0139032
BMK383630US2005,BMK384015US2014,0.0134308
BMK383630US2005,BMK385283US2015,0.013545
01_AEMK272490TH2009,01_AEMK272495TH2009,0
ACDMN791790KE-,ACDMN791776KE-,0.00140867
A1MN791238UG-,A1MN791226UG-,0.00176193
BMK383554US2007,BMK384528US2011,0.000351953
BMK383630US2005,BMK385331US2015,0.013545
BMK383554US2007,BMK385520US2014,0.00779126
BMK383630US2005,BMK384955US2018,0.013894
A1MN791238UG-,A1MN791228UG-,0.00211588
BMK383630US2005,BMK383457US2014,0.011394
BMK383554US2007,BMK384763US2015,0.0124679
A1MN791238UG-,A1MN791223UG-,0.00530623
ACDMN791790KE-,ACDMN791784KE-,0.00140867
ACDMN791790KE-,ACDMN791798KE-,0.00317536
BMK383386US2010,BMK384200US2010,0.0102881
BMK383554US2007,BMK384324US2014,0.0113865
BMK383554US2007,BMK385193US2009,0.000426949
BMK383630US2005,BMK383725US2014,0.0135447
BMK383630US2005,BMK383445US2014,0.0103072
BMK383554US2007,BMK385056US2007,0.014637
BMK383630US2005,BMK384895US2015,0.00922885
ACDMN791790KE-,ACDMN791777KE-,0.0021145
BMK383630US2005,BMK385281US2014,0.0139034
BMK383554US2007,BMK383614US2005,0.0128311
BMK383630US2005,BMK383957US2014,0.0139034
BMK383630US2005,BMK384456US2015,0.013545
BMK383554US2007,BMK383973US2007,0.000351953
BMK383554US2007,BMK383443US2005,0.0128223
BMK383630US2005,BMK385240US2014,0.0139034
BMK383554US2007,BMK383677US2007,0.014279
BMK383554US2007,BMK385084US2014,0.00744035
BMT121313TH-,BMT121318TH-,0.000351953
BMK383554US2007,BMK383630US2005,0.0110372
BMT121313TH-,BMT121314TH-,0
BMK383554US2007,BMK383898US2014,0.00779126
BMN090699US2018,BMN090534US2018,0.00565584
BMK383554US2007,BMK383628US2005,0.0110372
BMK383554US2007,BMK384440US2011,0.0125234
BMN090699US2018,BMN090512US2018,0.00600982
01_AEMK272402TH2015,01_AEMG989537TH2015,0.0056592
BMK383554US2007,BMK385211US2009,0.00994758
BMN090699US2018,BMN090531US2018,0.004944
BMN090699US2018,BMN090567US2018,0.00459034
BMK383554US2007,BMK384750US2015,0.0135765
BMN090699US2018,BMN090655US2018,0.00565584
BMN090699US2018,BMN090664US2018,0.00565584
BMN090699US2018,BMN090524US2018,0.00565584
BMK383554US2007,BMK385106US2018,0.00886191
BMN090699US2018,BMN090686US2018,0.00459034
01BCMT121817TH-,01BCMT121815TH-,0.0128047
BMK383554US2007,BMK384015US2014,0.000426949
BMK383554US2007,BMK385283US2015,0.0124679
BMT155338CH-,BMT155333CH-,0.000351834
BMN090699US2018,BMN090649US2018,0.00459034
BMN090699US2018,BMN090591US2018,0.00565584
BMN090699US2018,BMN090532US2018,0.00565584
BMN090699US2018,BMN090540US2018,0.00565584
A1MN791733KE-,A1MN791745KE-,0.00140968
BMK383554US2007,BMK385331US2015,0.0124679
BMN090699US2018,BMN090692US2018,0.00672365
BMN090699US2018,BMN090581US2018,0.00565584
BMK383554US2007,BMK383457US2014,0.000351953
BMN090699US2018,BMN090722US2018,0.004944
BMK385087US2015,BMK383564US2007,0.0138333
BMK383554US2007,BMK384846US2014,0.0107862
BMN090699US2018,BMN090713US2018,0.00458872
BMN090699US2018,BMN090593US2018,0.00565584
BMN090699US2018,BMN090505US2018,0.00565584
BMN090699US2018,BMN090529US2018,0.00600983
BMN090699US2018,BMK115694US2016,0.00459034
BMN090699US2018,BMN090547US2018,0.00459034
BMK383554US2007,BMK383725US2014,0.0135568
BMK383554US2007,BMK383445US2014,0.0114009
BMK383554US2007,BMK383593US2011,0.0117521
BMN090699US2018,BMN090658US2018,0.00565584
BMK383554US2007,BMK384895US2015,0.0124791
BMK383554US2007,BMK385281US2014,0.00779126
BMN090699US2018,BMN090580US2018,0.00565584
BMN090699US2018,BMN090546US2018,0.00565584
BMK383554US2007,BMK383957US2014,0.00779126
BMT155338CH-,BMT155350CH-,0.000351834
BMN090699US2018,BMN090673US2018,0.004944
BMK383554US2007,BMK384456US2015,0.0124679
BMK385087US2015,BMK383484US2007,0.0125228
BMN090699US2018,BMN090491US2018,0.00565584
BMK384440US2011,BMK384244US2007,0.0147038
BMK384440US2011,BMK385211US2009,0.0142633
BMN090699US2018,BMN090464US2018,0.00459034
BMK384440US2011,BMK385106US2018,0.0138207
BMK384440US2011,BMK384015US2014,0.0129631
BMK383554US2007,BMK385240US2014,0.00779126
BMK384440US2011,BMK385283US2015,0.00773965
BMK384440US2011,BMK385331US2015,0.00773965
BMK384440US2011,BMK384955US2018,0.0147038
BMN090534US2018,BMN090512US2018,0.000351956
BMK384440US2011,BMK383457US2014,0.0129584
BMK384440US2011,BMK384846US2014,0.0147025
BMN090534US2018,BMN090531US2018,0.00352758
BMN090534US2018,BMN090567US2018,0.0031745
CMT195145ZM2009,CMT195155ZM2009,0.000704576
BMK384440US2011,BMK383445US2014,0.013831
BMN090534US2018,BMN090655US2018,0
BMN090534US2018,BMN090664US2018,0
BMN090534US2018,BMN090524US2018,0
BMK384440US2011,BMK385281US2014,0.00816609
BMK384440US2011,BMK383957US2014,0.00816609
BMN090534US2018,BMN090686US2018,0.0031745
BMK384440US2011,BMK384456US2015,0.00773965
BMK384440US2011,BMK385240US2014,0.00816609
CMT195156ZM2009,CMT195145ZM2009,0.000704576
A1MN791968TZ-,A1MN791977TZ-,0
BMN090534US2018,BMN090649US2018,0.0031745
CMT195156ZM2009,CMT195155ZM2009,0
BMN090534US2018,BMN090591US2018,0
BMN090534US2018,BMN090532US2018,0
BMN090534US2018,BMN090540US2018,0
BMN090534US2018,BMN090692US2018,0.00530352
BKF384798US2011,BKF384812US2011,0
BMN090534US2018,BMN090581US2018,0
BMN090534US2018,BMN090722US2018,0.00352758
BMN090534US2018,BMN090713US2018,0.00317338
BMN090534US2018,BMN090593US2018,0
BMN090534US2018,BMN090505US2018,0
BMN090534US2018,BMN090529US2018,0.000351957
BMN090534US2018,BMK115694US2016,0.0031745
BMN090534US2018,BMN090547US2018,0.0031745
BMN090534US2018,BMN090658US2018,0
BMN090534US2018,BMN090580US2018,0
A1MN791968TZ-,A1MN791991TZ-,0.00140915
BMN090534US2018,BMN090546US2018,0
BMN090534US2018,BMN090673US2018,0.00352758
BMN090534US2018,BMN090491US2018,0
BMK384763US2015,BMK384324US2014,0.0117378
BMK384763US2015,BMK385193US2009,0.0125375
BMN090534US2018,BMN090464US2018,0.0031745
01_AEMK867572TH-,01BMG989526TH2014,0
BMK384763US2015,BMK385056US2007,0.00707817
BMK384763US2015,BMK383614US2005,0.00958175
BMK384763US2015,BMK383973US2007,0.0128258
BMK384763US2015,BMK383443US2005,0.0135352
BMK384763US2015,BMK383677US2007,0.0120966
BMT155369CH-,BMT155367CH-,0.0128051
BMT155369CH-,BMT155370CH-,0.00957778
BMK384763US2015,BMK385084US2014,0.0078027
BMK384763US2015,BMK383630US2005,0.013545
BMT155369CH-,BMT155320CH-,0.0117422
BMK384763US2015,BMK383898US2014,0.0088708
ACDMN791776KE-,ACDMN791784KE-,0
BMK384763US2015,BMK383628US2005,0.013545
ACDMN791776KE-,ACDMN791798KE-,0.00176188
BMK384763US2015,BMK384440US2011,0.00773965
BMK384763US2015,BMK384168US2005,0.014246
BMK384763US2015,BMK385211US2009,0.0124529
BMK384763US2015,BMK384750US2015,0.0139067
ACDMN791776KE-,ACDMN791777KE-,0.000704096
BMK384763US2015,BMK385106US2018,0.0128091
BMK384763US2015,BMK384015US2014,0.0125375
BMK384763US2015,BMK385283US2015,0
BMT155369CH-,BMT155383CH-,0.0149521
BMK384763US2015,BMK385560US2007,0.0124748
BMK384763US2015,BMK385331US2015,0
BMK384168US2005,BMK384244US2007,0.0111999
BMK384763US2015,BMK383457US2014,0.0128258
BMK384168US2005,BMK385106US2018,0.0128093
BMK384168US2005,BMK385283US2015,0.014246
BMK384763US2015,BMK384846US2014,0.0142709
CMN097571ZA2016,CMN097565ZA2016,0.00994915
BMK384168US2005,BMK385331US2015,0.014246
BMK384168US2005,BMK385449US2011,0.0129335
BMK384763US2015,BMK383725US2014,0.0102958
BMK384763US2015,BMK383445US2014,0.0117373
BMT033549US-,BMT033545US-,0.00494509
BMT155328CH-,BMT155383CH-,0.00921119
BMK384763US2015,BMK383593US2011,0.0142634
CMN097571ZA2016,CGQ999982ZA2005,0.0092314
BMK384763US2015,BMK384895US2015,0.0128177
BMK384168US2005,BMK384955US2018,0.0117242
BMK384763US2015,BMK385281US2014,0.0088708
BMK384763US2015,BMK383957US2014,0.0088708
BMK384763US2015,BMK384456US2015,0
BMN467014US2016,BMN466999US2016,0
BMK384168US2005,BMK383725US2014,0.0117259
BMK384168US2005,BMK383445US2014,0.0131659
BMK384168US2005,BMK384895US2015,0.0149732
BMK384763US2015,BMK385240US2014,0.0088708
BMK384168US2005,BMK384456US2015,0.014246
BMK383503US2005,BMK383485US2005,0
BMN467014US2016,BMN466989US2016,0.00672337
BMN467035US2016,BMN467014US2016,0.00565362
BMK383503US2005,BMK383531US2005,0
BMN467035US2016,BMN466999US2016,0.00565362
BMN467035US2016,BMN466989US2016,0.00815727
BMK383503US2005,BMK383493US2005,0
BMN467014US2016,BMN467396US2016,0.00742965
CMK457856BW-,CMK457839BW-,0.00386615
BMN467014US2016,BMN466984US2016,0.00814867
BMN467035US2016,BMN467396US2016,0.00600852
CMK457856BW-,CMK457862BW-,0.00035195
CMK457856BW-,CMK457887BW-,0.000351718
BMN467035US2016,BMN466984US2016,0.00601332
CMN097590ZA2017,CMN097594ZA2017,0.011384
ADMN791639KE-,ADMN791638KE-,0.00887732
A1MN791185UG-,A1MN791201UG-,0.0074334
CMK643609ZA2014,CMK643754ZA2014,0.000351831
CMK643609ZA2014,CMK643610ZA2014,0
ADMN791639KE-,ADMN791661KE-,0.00815757
ADMN791633KE-,ADMN791639KE-,0.00887728
BMK169821US2018,BMK169833US2018,0
CMK643609ZA2014,CMK643771ZA2014,0.000351953
A1MN791185UG-,A1MN791175UG-,0.00993671
BMK169821US2018,BMK169813US2018,0.0113722
ADMN791639KE-,ADMN791656KE-,0.00887728
ADMN791633KE-,ADMN791638KE-,0.000704092
A1MN791185UG-,A1MN791186UG-,0.00140812
ADMN791633KE-,ADMN791661KE-,0.00282381
A1MN791185UG-,A1MN791193UG-,0.0074349
ADMN791633KE-,ADMN791656KE-,0.000704091
BMN792405TH-,BMN792404TH-,0.000351951
BMN792405TH-,BMN792406TH-,0.00140867
BMN090415US2018,BMK115138US2016,0.0109995
01_AEMN792507TH-,01_AEMN792509TH-,0.00140795
01_AEMK867573TH-,01_AEMK867572TH-,0
01_AEMK867573TH-,01BMG989526TH2014,0
BMN090415US2018,BMN090382US2018,0.0117063
CMN097565ZA2016,CGQ999982ZA2005,0.00851245
01_AEMN792507TH-,01_AEMN792474TH-,0.00105592
BMH663818--,BMH663899--,0.013879
BMN792405TH-,BMN792399TH-,0.000351951
BMH663818--,BMH663807--,0.010288
BMH663818--,BMH663886--,0.0106497
BMN792405TH-,BMN792382TH-,0.000351951
A1MN791977TZ-,A1MN791991TZ-,0.00140915
BMK169646US2018,BMK169604US2018,0
BMT155367CH-,BMT155370CH-,0.0117396
BMK169646US2018,BMK169620US2018,0
BMH663818--,BMH663811--,0.013875
BMK169646US2018,BMK169626US2018,0.0127976
BMK169646US2018,BMK169635US2018,0.0120964
BMK169646US2018,BMK169641US2018,0
BMK169646US2018,BMK169599US2018,0
BMK169646US2018,BMK169643US2018,0
BMH663818--,BMH663855--,0.0128147
BMK383431US2015,BMK383656US2007,0.0120958
CMK458025BW-,CMK457999BW-,0.00035209
CMK458025BW-,CMK458142BW-,0.00140938
CMK458025BW-,CMK458002BW-,0.000704381
CMN791942TZ-,CMN791949TZ-,0.00495042
BMN090746DE2018,BMN090839DE2018,0
BMH843872US2013,BMH843902US2013,0.000351718
CMK643641ZA2014,CMK643608ZA2014,0.00176186
CMK458025BW-,CMK458037BW-,0.000853833
CMK643641ZA2014,CMK643760ZA2014,0.00176185
CMK643641ZA2014,CMK643802ZA2014,0.00176185
CMK643641ZA2014,CMK643759ZA2014,0.00140873
BMN090746DE2018,BMN090764DE2018,0
CMT194468ZM2012,CMT194497ZM2008,0.0035316
CMK458025BW-,CMK458031BW-,0.000704381
BMN090746DE2018,BMN090805DE2018,0
CMK643641ZA2014,CMK643604ZA2014,0.00140873
BMN090241US2018,BMN090270US2018,0.00105604
CMK643641ZA2014,CMK643744ZA2014,0.00176185
BMN090241US2018,BMN090266US2018,0.00211453
CMK458025BW-,CMK457974BW-,0.00105679
BMN090241US2018,BMN090190US2018,0.00282383
CMK643641ZA2014,CMK643762ZA2014,0.00170987
CMK643641ZA2014,CMK643609ZA2014,0.00140873
BMN090746DE2018,BMN090837DE2018,0.000704096
CMK458025BW-,CMK458008BW-,0.000704381
CMK643641ZA2014,CMK643754ZA2014,0.00176186
CMK643641ZA2014,CMK643610ZA2014,0.00140873
BMH663874--,BMH663899--,0.0146192
BMH663874--,BMH663807--,0.0128209
BMN090241US2018,BMN090292US2018,0.000351953
CMK643641ZA2014,CMK643771ZA2014,0.00176136
BMH663874--,BMH663886--,0.0102955
BMH663874--,BMH663811--,0.0128053
BMH663874--,BMH663855--,0.00958622
01_AEMK272497TH2009,01_AEMK272481TH2009,0.00105602
01_AEMK272497TH2009,01_AEMK272482TH2009,0.000704098
01_AEMK272348TH2010,01_AEMK272354TH2010,0
01_AEMK272497TH2009,01_AEMK272495TH2009,0.000704346
BMH663850--,BMH663818--,0.0135216
BMK383614US2005,BMK383478US2007,0.0117285
BMK383614US2005,BMK383973US2007,0.013189
BMK383614US2005,BMK383443US2005,0.0142499
BMK383614US2005,BMK383677US2007,0.00922255
ADMN791155UG-,ADMN791136UG-,0.00105605
BMK383614US2005,BMK385084US2014,0.0124579
BMK383614US2005,BMK383630US2005,0.0117454
BMH663850--,BMH663874--,0.0102955
BMK383614US2005,BMK383898US2014,0.0149838
BMK383614US2005,BMK383628US2005,0.0117454
BMK383614US2005,BMK384168US2005,0.0124487
BMK383614US2005,BMK384244US2007,0.0146971
BMK383614US2005,BMK385211US2009,0.0128142
BMH663850--,BMH663899--,0.0124417
BMK383614US2005,BMK385106US2018,0.0131706
BMH663850--,BMH663807--,0.0124622
BMK383614US2005,BMK384015US2014,0.0129787
BMK383614US2005,BMK385283US2015,0.00958175
BMH663850--,BMH663886--,0.0113665
BMK383614US2005,BMK385560US2007,0.0142952
BMK383614US2005,BMK385331US2015,0.00958175
BMK383614US2005,BMK384955US2018,0.0135268
BMK383614US2005,BMK383457US2014,0.013189
BMK383531US2005,BMK383493US2005,0
BMK383614US2005,BMK384846US2014,0.0147116
BMK385106US2018,BMK384015US2014,0.00946603
BMK385106US2018,BMK385283US2015,0.0128091
BMK383614US2005,BMK383725US2014,0.012097
BMK383614US2005,BMK383445US2014,0.0135473
BMK383614US2005,BMK383593US2011,0.0146271
BMK383614US2005,BMK385281US2014,0.0149838
BMK383614US2005,BMK383957US2014,0.0149838
BMK383614US2005,BMK384456US2015,0.00958175
BMH663850--,BMH663811--,0.0138827
BMK385106US2018,BMK385560US2007,0.0146338
BMK385106US2018,BMK385331US2015,0.0128091
BMK383614US2005,BMK385240US2014,0.0149838
BMK385106US2018,BMK383457US2014,0.00921929
01_AEMN792120TH-,01_AEMN792158TH-,0.00602368
BMK385106US2018,BMK384846US2014,0.0129491
BMH663850--,BMH663855--,0.000704838
01_AEMN792120TH-,01_AEMN792171TH-,0.00814248
BMK385106US2018,BMK383725US2014,0.0117299
BMK385106US2018,BMK383445US2014,0.0131755
BMK385106US2018,BMK383593US2011,0.0135311
BMK385106US2018,BMK384895US2015,0.0142587
BMK385106US2018,BMK385281US2014,0.0095738
BMK385106US2018,BMK383957US2014,0.0095738
BMK385106US2018,BMK384456US2015,0.0128091
CMT195506ZM2007,CMT195505ZM2007,0.00105897
BMK385106US2018,BMK385240US2014,0.0095738
01_AEMN792120TH-,01_AEMN792170TH-,0.00353126
BMK383485US2005,BMK383531US2005,0
BMN467271US2016,-MN467202US2016,0.00601105
BMN090531US2018,BMN090567US2018,0.000351957
BMN090531US2018,BMN090655US2018,0.00352758
BMN090531US2018,BMN090664US2018,0.00352758
BMN090531US2018,BMN090524US2018,0.00352758
BMK384244US2007,BMK385449US2011,0.00170858
BMN090531US2018,BMN090686US2018,0.000351957
BMK384244US2007,BMK384955US2018,0
BMK383485US2005,BMK383493US2005,0
A1MN791982TZ-,A1MN791988TZ-,0.00140873
BMN090531US2018,BMN090649US2018,0.000351957
BMN090531US2018,BMN090591US2018,0.00352758
BMN090531US2018,BMN090532US2018,0.00352758
BMN090531US2018,BMN090540US2018,0.00352758
BMK383481US2007,BMK383663US2007,0.0142483
BMN090531US2018,BMN090692US2018,0.00246964
BMN090531US2018,BMN090581US2018,0.00352758
BMK383481US2007,BMK384429US2007,0.0138815
BMN090531US2018,BMN090722US2018,0
BMN090531US2018,BMN090713US2018,0.000351833
BMN090531US2018,BMN090593US2018,0.00352758
BMN090531US2018,BMN090505US2018,0.00352758
BMN090531US2018,BMN090529US2018,0.00388123
BMN090531US2018,BMK115694US2016,0.000351957
A1MN791982TZ-,A1MN791968TZ-,0
BMN090531US2018,BMN090547US2018,0.000351957
A1MN791982TZ-,A1MN791977TZ-,0
BMN090531US2018,BMN090658US2018,0.00352758
BMN090531US2018,BMN090580US2018,0.00352758
BMN090531US2018,BMN090546US2018,0.00352758
BMN090531US2018,BMN090673US2018,0
BMN090531US2018,BMN090491US2018,0.00352758
BMN090531US2018,BMN090464US2018,0.000351957
-MN467376US2016,BMN467380US2016,0.00385361
BMK383481US2007,BMK383477US2007,0.0146076
BMK383481US2007,BMK383484US2007,0.0117245
A1MN791982TZ-,A1MN791991TZ-,0.00140915
-MN467376US2016,-MN467312US2016,0.00686813
BAB874234JP-,BAB874133JP-,0.00387948
BMH663886--,BMH663811--,0.013166
-MN467376US2016,BMN467317US2016,0.00773207
A1MN791290UG-,A1MN791306UG-,0
BMH663886--,BMH663855--,0.0106584
-MN467376US2016,-MN467341US2016,0.00170986
-MN467376US2016,BMN467334US2016,0.00773207
BMK383390US2007,BMK385224US2005,0.0128095
BMN090567US2018,BMN090655US2018,0.0031745
BMN090567US2018,BMN090664US2018,0.0031745
BMN090567US2018,BMN090524US2018,0.0031745
BMN090567US2018,BMN090686US2018,0
BMK383390US2007,BMK384763US2015,0.0146268
BMK383390US2007,BMK383790US2011,0.00993442
BMK383390US2007,BMK385056US2007,0.0131741
BMK169472US2018,BMK169464US2018,0.00423686
BMK383390US2007,BMK383614US2005,0.0135435
BMN090567US2018,BMN090649US2018,0
BMN090567US2018,BMN090591US2018,0.0031745
BMN090567US2018,BMN090532US2018,0.0031745
01_AEMT121772TH-,01_AEMG989529TH2014,0
BMN090567US2018,BMN090540US2018,0.0031745
BMK383390US2007,BMK383478US2007,0.0102883
ADMN791264UG-,ADMN791268UG-,0.000351718
BMK383390US2007,BMK383443US2005,0.0128136
BMN090567US2018,BMN090692US2018,0.00211755
BMK383390US2007,BMK383677US2007,0.0142586
BMK383390US2007,BMK383630US2005,0.00887113
BMN090567US2018,BMN090581US2018,0.0031745
BMN090567US2018,BMN090722US2018,0.000351957
BMN090567US2018,BMN090713US2018,0
BMN090567US2018,BMN090593US2018,0.0031745
BMK383390US2007,BMK383628US2005,0.00887113
BMN090567US2018,BMN090505US2018,0.0031745
ADMN791264UG-,ADMN791273UG-,0.00140857
BMN090567US2018,BMN090529US2018,0.00352827
BMK383390US2007,BMK384168US2005,0.0124451
BMN090567US2018,BMK115694US2016,0
BMK383390US2007,BMK385211US2009,0.014274
CMK458056BW-,CMK458058BW-,0.0053639
BMK383390US2007,BMK384750US2015,0.0106743
BMN090567US2018,BMN090547US2018,0
BMK383390US2007,BMK385106US2018,0.0135355
BMN090567US2018,BMN090658US2018,0.0031745
ADMN791264UG-,ADMN791267UG-,0.000351718
BMK383390US2007,BMK385283US2015,0.0146268
BMN090567US2018,BMN090580US2018,0.0031745
BMN090567US2018,BMN090546US2018,0.0031745
ADMN791264UG-,ADMN791252UG-,0.000351718
BMN090567US2018,BMN090673US2018,0.000351957
BMN090567US2018,BMN090491US2018,0.0031745
CMK458056BW-,CMK458040BW-,0.00428296
BMN090567US2018,BMN090464US2018,0
-MN467165US2016,-MN467160US2016,0
BMK383390US2007,BMK385331US2015,0.0146268
BMK383390US2007,BMK384955US2018,0.0149721
BMK383390US2007,BMK383725US2014,0.00743468
BMK383390US2007,BMK383445US2014,0.00922812
BMK383390US2007,BMK384895US2015,0.00886907
BMK383390US2007,BMK384456US2015,0.0146268
ADMN791264UG-,ADMN791271UG-,0.00105577
ADMN791264UG-,ADMN791260UG-,0.000703651
01_AEMN792065TH-,01_AEMN792075TH-,0.000703782
DMN791461KE-,DMN791477KE-,0.00176186
01_AEMN792065TH-,01_AEMN792070TH-,0.00140922
DMN791461KE-,ADMN791451KE-,0.000351832
BMK383663US2007,BMK383484US2007,0.0117401
CMK643760ZA2014,CMK643802ZA2014,0.000704091
01_AEMN792040TH-,01_AEMN792065TH-,0.000703782
CMK643760ZA2014,CMK643759ZA2014,0.000351831
BMT155370CH-,BMT155320CH-,0.0106563
CMK643760ZA2014,CMK643604ZA2014,0.000351831
CMK643760ZA2014,CMK643744ZA2014,0.000704091
BMT155370CH-,BMT155383CH-,0.0145994
CMK643760ZA2014,CMK643762ZA2014,0.000426943
CMK643760ZA2014,CMK643609ZA2014,0.000351831
01_AEMN792040TH-,01_AEMN792075TH-,0.000704573
01_AEMK272446TH2010,01_AEMK272363TH2010,0.000704089
CMK643760ZA2014,CMK643754ZA2014,0.000704091
01_AEMN792040TH-,01_AEMN792070TH-,0.00140916
CMK643760ZA2014,CMK643610ZA2014,0.000351831
BJQ901036CN2010,BJQ901062CN2007,0.0146135
01_AEMK867567TH-,01_AEMK867573TH-,0
CMK643760ZA2014,CMK643771ZA2014,0.000703784
01_AEMK867567TH-,01_AEMK867572TH-,0
CMK457842BW-,CMK457902BW-,0.000351833
01_AEMK867567TH-,01BMG989526TH2014,0
CMK457842BW-,CMK457858BW-,0
BMN090649US2018,BMN090591US2018,0.0031745
BMN090649US2018,BMN090532US2018,0.0031745
BMN090649US2018,BMN090540US2018,0.0031745
BMN090470US2018,BMN090599US2018,0
BMN090470US2018,BMN090490US2018,0
BMN090649US2018,BMN090692US2018,0.00211755
BMN090470US2018,BMN090545US2018,0
BMN090470US2018,BMN090551US2018,0.0031745
BMN090649US2018,BMN090581US2018,0.0031745
BMN090649US2018,BMN090722US2018,0.000351957
BMN090470US2018,BMN090699US2018,0.00565584
BMT033892US-,BMT033549US-,0.00388367
BMN090649US2018,BMN090713US2018,0
BMN090649US2018,BMN090593US2018,0.0031745
BMN090649US2018,BMN090505US2018,0.0031745
CMK457842BW-,CMK457829BW-,0
BMN090649US2018,BMN090529US2018,0.00352827
BMK169422US2018,BMK169480US2018,0.00565583
BMN090470US2018,BMN090534US2018,0
CMK457842BW-,CMK457856BW-,0
BMN090649US2018,BMK115694US2016,0
BMN090649US2018,BMN090547US2018,0
BMN090649US2018,BMN090658US2018,0.0031745
BMN090470US2018,BMN090512US2018,0.000351956
BMT033892US-,BMT033545US-,0.00530055
BMN090649US2018,BMN090580US2018,0.0031745
BMN090649US2018,BMN090546US2018,0.0031745
BMN090470US2018,BMN090531US2018,0.00352758
BMN090470US2018,BMN090567US2018,0.0031745
BMN090649US2018,BMN090673US2018,0.000351957
BMN090649US2018,BMN090491US2018,0.0031745
BMN090470US2018,BMN090655US2018,0
BMN090470US2018,BMN090664US2018,0
BMN090470US2018,BMN090524US2018,0
BMN090470US2018,BMN090686US2018,0.0031745
BMN090649US2018,BMN090464US2018,0
CMK457842BW-,CMK457839BW-,0.00386615
BMK169422US2018,BMK169472US2018,0.00423711
BMN090877DE2018,BMN090932DE2018,0.0081471
CMK457842BW-,CMK457862BW-,0.00035195
BMN090470US2018,BMN090649US2018,0.0031745
BMK169422US2018,BMK169464US2018,0.00352928
BMN090470US2018,BMN090591US2018,0
BMN090877DE2018,BMN090931DE2018,0
BMN090470US2018,BMN090532US2018,0
BMN090470US2018,BMN090540US2018,0
BMN090877DE2018,BMN090942DE2018,0.0102937
CMK457842BW-,CMK457887BW-,0.000351718
BMN090470US2018,BMN090692US2018,0.00530352
BMN090877DE2018,BMN090874DE2018,0.00105681
BMN090470US2018,BMN090581US2018,0
BMN090470US2018,BMN090722US2018,0.00352758
BMN090470US2018,BMN090713US2018,0.00317338
BMN090470US2018,BMN090593US2018,0
BMN090877DE2018,BMN090858DE2018,0
BMN090877DE2018,BMN090881DE2018,0
BMN090470US2018,BMN090505US2018,0
BMN090470US2018,BMN090529US2018,0.000351957
BMK385211US2009,BMK384750US2015,0.00780711
BMN090470US2018,BMK115694US2016,0.0031745
BMK385211US2009,BMK385106US2018,0.0117292
BMN090470US2018,BMN090547US2018,0.0031745
BMK385211US2009,BMK384015US2014,0.0107862
BMN090470US2018,BMN090658US2018,0
BMK385211US2009,BMK385283US2015,0.0124529
BMN090470US2018,BMN090580US2018,0
BMN090470US2018,BMN090546US2018,0
BMN090470US2018,BMN090673US2018,0.00352758
BMN090470US2018,BMN090491US2018,0
BMN090877DE2018,BMN090923DE2018,0.0148151
BMK385211US2009,BMK385331US2015,0.0124529
BMN090470US2018,BMN090464US2018,0.0031745
BMK383973US2007,BMK383443US2005,0.0131816
BMK383973US2007,BMK383677US2007,0.0146371
BMK383973US2007,BMK385084US2014,0.00779602
BMK385211US2009,BMK383457US2014,0.0103058
BMK383973US2007,BMK383630US2005,0.011394
BMK385211US2009,BMK384846US2014,0.000426947
BMK383973US2007,BMK383898US2014,0.00814727
BMK383973US2007,BMK383628US2005,0.011394
BMK385211US2009,BMK383725US2014,0.0128163
BMK383973US2007,BMK384440US2011,0.0129584
BMK385211US2009,BMK383445US2014,0.0056622
BMK385211US2009,BMK383593US2011,0.00176353
BMK385211US2009,BMK384895US2015,0.00672843
BMK385211US2009,BMK385281US2014,0.0120887
BMK383973US2007,BMK385211US2009,0.0103058
BMK383973US2007,BMK384750US2015,0.0139346
BMK385211US2009,BMK383957US2014,0.0120887
BMK385211US2009,BMK384456US2015,0.0124529
BMK383973US2007,BMK385106US2018,0.00921929
BMK383973US2007,BMK384015US2014,0.000854052
BMK383973US2007,BMK385283US2015,0.0128258
BMK385211US2009,BMK385240US2014,0.0120887
BMK383973US2007,BMK385331US2015,0.0128258
BMK383973US2007,BMK383457US2014,0
BMK383973US2007,BMK384846US2014,0.0112214
01_AEJQ302673CN2009,01_AEJQ028203CN2009,0.00886665
BMK383973US2007,BMK383725US2014,0.0139137
BMK383973US2007,BMK383445US2014,0.0117583
BMK383973US2007,BMK383593US2011,0.0121103
BMK384015US2014,BMK385283US2015,0.0125375
BMK383973US2007,BMK384895US2015,0.0128379
BMK383973US2007,BMK385281US2014,0.00814727
BMK383973US2007,BMK383957US2014,0.00814727
BMK383973US2007,BMK384456US2015,0.0128258
01_AEJQ302673CN2009,01_AEJQ302672CN2009,0.0135328
BMN090932DE2018,BMN090931DE2018,0.0081471
BMN090932DE2018,BMN090942DE2018,0.00708604
BMK383973US2007,BMK385240US2014,0.00814727
BMN090932DE2018,BMN090874DE2018,0.00707585
BMK383443US2005,BMK383677US2007,0.0149777
BMK384015US2014,BMK385331US2015,0.0125375
BMK383443US2005,BMK385084US2014,0.0138947
BMN090932DE2018,BMN090858DE2018,0.0081471
BMN090932DE2018,BMN090881DE2018,0.0081471
BMK383443US2005,BMK383630US2005,0.011732
BMK384015US2014,BMK383457US2014,0.000854052
BMK384015US2014,BMK384846US2014,0.0112241
01_AEMN792224TH-,01_AEMN792220TH-,0
BMK383443US2005,BMK383628US2005,0.011732
BMK383443US2005,BMK384440US2011,0.0142749
BMK383443US2005,BMK384168US2005,0.014245
CMK458051BW-,CMK458056BW-,0.00536972
BMK384015US2014,BMK383725US2014,0.0143053
BMK383443US2005,BMK385211US2009,0.00850764
BMK384015US2014,BMK383445US2014,0.0121163
BMK384015US2014,BMK383593US2011,0.0129826
BMK384015US2014,BMK384895US2015,0.0138684
BMK383443US2005,BMK384750US2015,0.0085212
CMK458037BW-,CMK458031BW-,0
BMK384015US2014,BMK385281US2014,0.00990488
BMK384015US2014,BMK383957US2014,0.00990488
BMK384015US2014,BMK384456US2015,0.0125375
BMK383443US2005,BMK385106US2018,0.0138839
CMK458037BW-,CMK457974BW-,0.000426945
BMK383443US2005,BMK384015US2014,0.0134018
BMK383443US2005,BMK385283US2015,0.0135352
BMK384015US2014,BMK385240US2014,0.00990488
CMK458037BW-,CMK458008BW-,0
01_AEMN792224TH-,01_AEMN792228TH-,0
CMK458051BW-,CMK458058BW-,0.000705591
BMK383443US2005,BMK385331US2015,0.0135352
01_AEMN792171TH-,01_AEMN792170TH-,0.00743183
BMK383443US2005,BMK384955US2018,0.0142513
BMK383443US2005,BMK383457US2014,0.0131816
BMK385283US2015,BMK385560US2007,0.0124748
BMN090942DE2018,BMN090874DE2018,0.00993428
BMK385283US2015,BMK385331US2015,0
BMK383443US2005,BMK384846US2014,0.00990492
01_AEMN792224TH-,01_AEMN792259TH-,0.00140874
01_AEMN792224TH-,01_AEMN792222TH-,0
BMN090942DE2018,BMN090858DE2018,0.0102937
BMN090942DE2018,BMN090881DE2018,0.0102937
BMK383443US2005,BMK383725US2014,0.0138953
BMK383443US2005,BMK383445US2014,0.00708949
BMK385283US2015,BMK383457US2014,0.0128258
BMK383443US2005,BMK383593US2011,0.0103067
BMK383443US2005,BMK384895US2015,0.00743949
CMK458051BW-,CMK458040BW-,0.00105904
BMK383443US2005,BMK384456US2015,0.0135352
BMK385283US2015,BMK384846US2014,0.0142709
01_AEMN792224TH-,01_AEMN792250TH-,0.00388372
01_AEMN792224TH-,01_AEMN792252TH-,0.00389188
BMK385283US2015,BMK383725US2014,0.0102958
BMK385283US2015,BMK383445US2014,0.0117373
BMK385283US2015,BMK383593US2011,0.0142634
BMK385283US2015,BMK384895US2015,0.0128177
01_AEJQ302709CN2009,01_AEJQ302682CN2009,0.0149646
01_AEMN792224TH-,01_AEMN792249TH-,0
01_AEJQ302709CN2009,01_AEJX112826CN2007,0.013158
01_AEMN792224TH-,01_AEMN792234TH-,0.000351832
BMK385283US2015,BMK385281US2014,0.0088708
01_AEMN792259TH-,01_AEMN792222TH-,0.00140874
BMK385283US2015,BMK383957US2014,0.0088708
BMK385283US2015,BMK384456US2015,0
BMK384528US2011,BMK385520US2014,0.00814727
BMK169480US2018,BMK169472US2018,0.00494665
BMK384528US2011,BMK384763US2015,0.0128258
01_AEMN792259TH-,01_AEMN792250TH-,0.00246777
BMK383466US2007,BMK383652US2007,0.0131707
BMK385283US2015,BMK385240US2014,0.0088708
BMK384528US2011,BMK384324US2014,0.0117483
BMK384528US2011,BMK385193US2009,0.000854052
BMH663899--,BMH663807--,0.0128108
01_AEMN792259TH-,01_AEMN792252TH-,0.00247326
BMK384528US2011,BMK385056US2007,0.0149958
BMK169480US2018,BMK169464US2018,0.00565571
BMH663899--,BMH663886--,0.00957563
BMK384528US2011,BMK383614US2005,0.013189
01_AEMN792259TH-,01_AEMN792249TH-,0.00140874
BMK383466US2007,BMK383468US2007,0.0149638
01_AEMN792259TH-,01_AEMN792234TH-,0.00176186
BMK384528US2011,BMK383973US2007,0
BMK384528US2011,BMK383443US2005,0.0131816
BMK384528US2011,BMK383677US2007,0.0146371
BMK384528US2011,BMK385084US2014,0.00779602
BMK384528US2011,BMK383630US2005,0.011394
BMK384528US2011,BMK383898US2014,0.00814727
BMK383466US2007,BMK383481US2007,0.0102913
BMK384528US2011,BMK383628US2005,0.011394
BMK385331US2015,BMK383457US2014,0.0128258
BMK384528US2011,BMK384440US2011,0.0129584
BMK385331US2015,BMK384846US2014,0.0142709
BMK384528US2011,BMK385211US2009,0.0103058
01_AEJQ302709CN2009,01_AEKU050260CN2004,0.0117247
BMK384528US2011,BMK384750US2015,0.0139346
BMH663899--,BMH663811--,0.013904
BMK384528US2011,BMK385106US2018,0.00921929
BMK384528US2011,BMK384015US2014,0.000854052
BMK384528US2011,BMK385283US2015,0.0128258
BMK385331US2015,BMK383725US2014,0.0102958
BMK385331US2015,BMK383445US2014,0.0117373
BMK385331US2015,BMK383593US2011,0.0142634
01_AEFJ185257VN1997,01_AEFJ185256VN1997,0.00105604
BMK385331US2015,BMK384895US2015,0.0128177
BMK385331US2015,BMK385281US2014,0.0088708
BMK385331US2015,BMK383957US2014,0.0088708
BMK385331US2015,BMK384456US2015,0
BMK384528US2011,BMK385331US2015,0.0128258
BMH663899--,BMH663855--,0.0117336
BMK385331US2015,BMK385240US2014,0.0088708
BMK384528US2011,BMK383457US2014,0
BMK384528US2011,BMK384846US2014,0.0112214
BMK384528US2011,BMK383725US2014,0.0139137
BMK384528US2011,BMK383445US2014,0.0117583
BMK384528US2011,BMK383593US2011,0.0121103
BMK384528US2011,BMK384895US2015,0.0128379
BMK384528US2011,BMK385281US2014,0.00814727
BMK384528US2011,BMK383957US2014,0.00814727
BMK384528US2011,BMK384456US2015,0.0128258
BMK383466US2007,BMK383477US2007,0.013539
BMK383466US2007,BMK383484US2007,0.00993403
BMK384528US2011,BMK385240US2014,0.00814727
01_AEJQ302709CN2009,01_AEJQ302672CN2009,0.0124442
BMH663890--,BMH663887--,0.00816118
01_AEMN792444TH-,01_AEMN792445TH-,0.000351951
01_AEMN792444TH-,01_AEMN792454TH-,0.00352813
BMH663890--,BMH663852--,0.0117316
BMN090416US2018,BMN090415US2018,0.011003
01_AEMK272387TH2010,01_AEMK272384TH2010,0
01_AEMN792444TH-,01_AEMN792435TH-,0.0049426
BMH663890--,BMH663850--,0.0124545
01_AEMN792444TH-,01_AEMN792437TH-,0
BMH663890--,BMH663818--,0.00992964
01_AEGU564222CN2005,01_AEKU050260CN2004,0.012808
01_AEMN792222TH-,01_AEMN792250TH-,0.00388372
BMH663890--,BMH663874--,0.012097
01_AEMN792222TH-,01_AEMN792252TH-,0.00389188
ADMN791252UG-,ADMN791271UG-,0.000703789
ADMN791252UG-,ADMN791260UG-,0.000351833
01_AEMN792222TH-,01_AEMN792249TH-,0
01_AEMN792222TH-,01_AEMN792234TH-,0.000351832
BMH663890--,BMH663899--,0.0117527
BMH663890--,BMH663807--,0.0106579
BMN090416US2018,BMK115138US2016,0.00921409
BMH663890--,BMH663886--,0.0106737
01_AEGU564222CN2005,01_AEJQ302672CN2009,0.0135432
BMN090416US2018,BMN090382US2018,0.0106343
BMN090722US2018,BMN090713US2018,0.000351833
BMN090722US2018,BMN090593US2018,0.00352758
BMN090722US2018,BMN090505US2018,0.00352758
BMN090722US2018,BMN090529US2018,0.00388123
BMN090722US2018,BMK115694US2016,0.000351957
BMN090722US2018,BMN090547US2018,0.000351957
BMN090722US2018,BMN090658US2018,0.00352758
BMH663890--,BMH663811--,0.0128095
BMN090722US2018,BMN090580US2018,0.00352758
BMH663890--,BMH663855--,0.0117441
BMK169529US2018,BMK169530US2018,0.00494364
BMN090722US2018,BMN090546US2018,0.00352758
01_AEMN792532TH-,01_AEMN792526TH-,0.000352203
BMN090722US2018,BMN090673US2018,0
BMN090722US2018,BMN090491US2018,0.00352758
BMN090722US2018,BMN090464US2018,0.000351957
BMK384463US2018,BMK383790US2011,0.00743615
BMK384463US2018,BMK385500US2015,0.00849925
BMK384463US2018,BMK385056US2007,0.0146162
BMK384463US2018,BMK383614US2005,0.0138878
CMN097620ZA2016,CMN097634ZA2016,0.00745699
BMK169660US2018,BMK169570US2018,0.0135342
CMN097620ZA2016,CMN097604ZA2016,0.00886319
CMN097620ZA2016,CMN097612ZA2016,0.0113729
BMK384463US2018,BMK383478US2007,0.0135232
BMK169529US2018,BMK169499US2018,0.00140971
CMN097620ZA2016,CMN097619ZA2016,0.00815483
BMK384463US2018,BMK383443US2005,0.0146123
BMK169660US2018,BMK169626US2018,0.0142426
BMK384463US2018,BMK383677US2007,0.00958036
BMK169660US2018,BMK169635US2018,0.0135353
BMK384463US2018,BMK383630US2005,0.014254
CMK643802ZA2014,CMK643759ZA2014,0.000351831
ACDMN791798KE-,ACDMN791777KE-,0.00246944
01_AEMN792444TH-,01_AEMN792432TH-,0.00458777
CMK643802ZA2014,CMK643604ZA2014,0.000351831
CMK643802ZA2014,CMK643744ZA2014,0.000704091
01_AEMN792532TH-,01_AEMN792545TH-,0.000352322
01_AEMN792532TH-,01_AEMN792523TH-,0
CMK643802ZA2014,CMK643762ZA2014,0.000426943
CMK643802ZA2014,CMK643609ZA2014,0.000351831
01_AEJQ302682CN2009,01_AEJX112826CN2007,0.0135217
01_AEMN792444TH-,01_AEMN792442TH-,0.000703783
CMK643802ZA2014,CMK643754ZA2014,0.000704091
CMK643802ZA2014,CMK643610ZA2014,0.000351831
01_AEMN792444TH-,01_AEMN792464TH-,0.0010564
CMK643802ZA2014,CMK643771ZA2014,0.000703784
01_AEKU050260CN2004,01_AEJQ028203CN2009,0.0142499
01_AEJQ302682CN2009,01_AEGU564222CN2005,0.0149671
01_AEJQ302682CN2009,01_AEKU050260CN2004,0.0120845
BMK384463US2018,BMK383628US2005,0.014254
01_AEMN792432TH-,01_AEMN792442TH-,0.00458864
01_AEKU050260CN2004,01_AEJQ302672CN2009,0.0113685
BMK384463US2018,BMK384168US2005,0.012083
BMK384463US2018,BMK384244US2007,0.000426947
01_AEMN792432TH-,01_AEMN792464TH-,0.0049426
BMN090906DE2018,BMN090938DE2018,0.00886098
BMK385449US2011,BMK384955US2018,0.00170858
BMN090906DE2018,BMN090877DE2018,0.00850366
BMN090906DE2018,BMN090932DE2018,0.00672369
BMN090906DE2018,BMN090931DE2018,0.00850366
BMN090906DE2018,BMN090942DE2018,0.00388064
01_AEJQ302682CN2009,01_AEJQ302672CN2009,0.0124473
BMK384463US2018,BMK385449US2011,0.00213663
BMK384463US2018,BMK384955US2018,0.000351834
BMK383572US2007,BMK385158US2008,0.0149686
BMN090906DE2018,BMN090874DE2018,0.00814616
BMN090906DE2018,BMN090858DE2018,0.00850366
BMN090906DE2018,BMN090881DE2018,0.00850366
BMK384463US2018,BMK383445US2014,0.0146062
BMK383572US2007,BMK384219US2010,0.0138903
BMK383572US2007,BMK383484US2007,0.0149554
A1CDMN791799KE-,A1CDMN791801KE-,0.000351832
A1CDMN791799KE-,A1CDMN791805KE-,0.000704093
CMT195391ZM2007,CMT195392ZM2007,0.000703648
BMT155104CH-,BMT155043CH-,0.0021375
CMN791932TZ-,CMN791921TZ-,0.00140856
01_AEMK272393TH2010,01_AEMK272394TH2010,0.0010579
CMN791932TZ-,CMN791918TZ-,0.00140856
BMT155104CH-,BMT155093CH-,0.0142206
BMT155104CH-,BMT155357CH-,0.0012816
CMK643754ZA2014,CMK643610ZA2014,0.000351831
BMT155104CH-,BMT155103CH-,0.00342192
BMK169604US2018,BMK169620US2018,0
BMK169604US2018,BMK169626US2018,0.0127976
CMK643754ZA2014,CMK643771ZA2014,0.000703784
BMK169604US2018,BMK169635US2018,0.0120964
BMK169604US2018,BMK169641US2018,0
BMK169604US2018,BMK169599US2018,0
BMK169604US2018,BMK169643US2018,0
DMN791470KE-,DMN791461KE-,0.000704092
BMN090692US2018,BMN090581US2018,0.00530352
BMN090692US2018,BMN090722US2018,0.00246964
A1MN791175UG-,A1MN791186UG-,0.00921816
BMN090692US2018,BMN090713US2018,0.00211681
BMN090692US2018,BMN090593US2018,0.00530352
A1MN791175UG-,A1MN791193UG-,0.00388264
DMN791470KE-,DMN791477KE-,0.00176186
BMN090692US2018,BMN090505US2018,0.00530352
BMN090692US2018,BMN090529US2018,0.00565996
BMN090692US2018,BMK115694US2016,0.00211755
BMN090692US2018,BMN090547US2018,0.00211755
BMN090692US2018,BMN090658US2018,0.00530352
DMN791470KE-,ADMN791451KE-,0.000351832
A1MN791226UG-,A1MN791228UG-,0.000351948
BMN090692US2018,BMN090580US2018,0.00530352
BMN090692US2018,BMN090546US2018,0.00530352
A1MN791226UG-,A1MN791223UG-,0.00638028
BMN090692US2018,BMN090673US2018,0.00246964
BMT155012CH-,BMT155333CH-,0.014968
BMN090692US2018,BMN090491US2018,0.00530352
BMN090692US2018,BMN090464US2018,0.00211755
01_AEMK867546TH-,01_AEMK867544TH-,0.00390656
A1A2CDFJ623494KE2006,A1A2CDFJ623493KE2006,0.00176041
BMT155012CH-,BMT155350CH-,0.014968
BMT155333CH-,BMT155350CH-,0
-MN887630US2018,-MN887624US2018,0
BMK383595US2007,BMK383431US2015,0.0142509
BMN090599US2018,BMN090490US2018,0
BMN090599US2018,BMN090545US2018,0
BMN090599US2018,BMN090551US2018,0.0031745
BMN090599US2018,BMN090699US2018,0.00565584
ADMN791638KE-,ADMN791661KE-,0.00282382
BMN090599US2018,BMN090534US2018,0
BMN090599US2018,BMN090512US2018,0.000351956
BMN090599US2018,BMN090531US2018,0.00352758
BMN090599US2018,BMN090567US2018,0.0031745
ADMN791638KE-,ADMN791656KE-,0.000704092
BMN090599US2018,BMN090655US2018,0
BMN090599US2018,BMN090664US2018,0
BMN090599US2018,BMN090524US2018,0
BMN090599US2018,BMN090686US2018,0.0031745
BMN090270US2018,BMN090266US2018,0.00246625
BMN090270US2018,BMN090190US2018,0.00247189
BMN467380US2016,-MN467312US2016,0.00989917
BMN090599US2018,BMN090649US2018,0.0031745
BMN090599US2018,BMN090591US2018,0
BMN090270US2018,BMN090292US2018,0.000704092
BMN090599US2018,BMN090532US2018,0
BMN090599US2018,BMN090540US2018,0
A1CDMN791593KE-,A1CDMN791620KE-,0.00105601
CMT195138ZM2008,CMT195141ZM2008,0.00105605
BMN090599US2018,BMN090692US2018,0.00530352
CMK643610ZA2014,CMK643771ZA2014,0.000351953
BMN467380US2016,BMN467317US2016,0.01077
ACDMN791778KE-,ACDMN791776KE-,0.000351832
01_AEMK272481TH2009,01_AEMK272482TH2009,0.000351718
BMN467380US2016,-MN467341US2016,0.00385419
BMN090599US2018,BMN090581US2018,0
BMN090599US2018,BMN090722US2018,0.00352758
01_AEMK272481TH2009,01_AEMK272495TH2009,0.000351841
BMN467380US2016,BMN467334US2016,0.01077
BMN090599US2018,BMN090713US2018,0.00317338
BMN090599US2018,BMN090593US2018,0
BMN090599US2018,BMN090505US2018,0
BMN090599US2018,BMN090529US2018,0.000351957
ACDMN791778KE-,ACDMN791784KE-,0.000351832
ACDMN791778KE-,ACDMN791798KE-,0.00211544
BMN090599US2018,BMK115694US2016,0.0031745
BMN090599US2018,BMN090547US2018,0.0031745
BMN090599US2018,BMN090658US2018,0
ACDMN791778KE-,ACDMN791777KE-,0.00105679
BMN090599US2018,BMN090580US2018,0
BMN090599US2018,BMN090546US2018,0
BMN090599US2018,BMN090673US2018,0.00352758
BMN090599US2018,BMN090491US2018,0
07_BCJX960601CN2008,07_BCJQ901073CN2008,0.0124736
BMN090599US2018,BMN090464US2018,0.0031745
BMK383677US2007,BMK385084US2014,0.0139003
BMK383677US2007,BMK383630US2005,0.0117397
BMK383677US2007,BMK383628US2005,0.0117397
BMK383677US2007,BMK384440US2011,0.0147086
BMK383677US2007,BMK384168US2005,0.0124469
BMK383677US2007,BMK384244US2007,0.0094687
BMK383677US2007,BMK385211US2009,0.0142537
BMK383677US2007,BMK385106US2018,0.013889
BMK383677US2007,BMK385283US2015,0.0120966
ADMN791268UG-,ADMN791273UG-,0.00105642
BMK383677US2007,BMK385331US2015,0.0120966
BMK383677US2007,BMK385449US2011,0.0111989
ADMN791268UG-,ADMN791267UG-,0
DMN791477KE-,ADMN791451KE-,0.00140874
BMN090581US2018,BMN090722US2018,0.00352758
BMN090581US2018,BMN090713US2018,0.00317338
BMN090581US2018,BMN090593US2018,0
BMK383677US2007,BMK384955US2018,0.00922202
ADMN791268UG-,ADMN791252UG-,0
BMK383677US2007,BMK383457US2014,0.0146371
BMN090581US2018,BMN090505US2018,0
BMN090581US2018,BMN090529US2018,0.000351957
BMN090581US2018,BMK115694US2016,0.0031745
BMN090581US2018,BMN090547US2018,0.0031745
BMN090581US2018,BMN090658US2018,0
BMN090581US2018,BMN090580US2018,0
BMN090581US2018,BMN090546US2018,0
BMK169833US2018,BMK169813US2018,0.0113722
BMN090581US2018,BMN090673US2018,0.00352758
BMN090581US2018,BMN090491US2018,0
BMK383677US2007,BMK383725US2014,0.01173
BMK383677US2007,BMK383445US2014,0.0142604
BMN090581US2018,BMN090464US2018,0.0031745
BMK383677US2007,BMK384895US2015,0.0146204
BMK383677US2007,BMK384456US2015,0.0120966
BMN090839DE2018,BMN090764DE2018,0
BMN090839DE2018,BMN090805DE2018,0
01_AEJX112826CN2007,01_AEKU050260CN2004,0.011721
BMN090839DE2018,BMN090837DE2018,0.000704096
BMN090707US2018,BMN090453US2018,0.0031745
CMK643542ZA2015,CMK643543ZA2015,0.000351832
BMN090707US2018,BMN090685US2018,0.0031745
BMN090707US2018,BMN090452US2018,0.0031745
BMN090707US2018,BMN090474US2018,0.0031745
BMN467317US2016,-MN467341US2016,0.0085991
BMN090707US2018,BMN090470US2018,0.0031745
01_AEJX112826CN2007,01_AEJQ302672CN2009,0.00957775
BMN090707US2018,BMN090599US2018,0.0031745
BMN090707US2018,BMN090490US2018,0.0031745
BMN090707US2018,BMN090545US2018,0.0031745
ADMN791268UG-,ADMN791271UG-,0.000703789
ADMN791268UG-,ADMN791260UG-,0.000351833
BMN090707US2018,BMN090551US2018,0
BMK384955US2018,BMK383445US2014,0.0142448
BMN090707US2018,BMN090699US2018,0.00459034
BMN467317US2016,BMN467334US2016,0
BMN467396US2016,BMN466984US2016,0.00494614
A1MN791875TZ-,A1MN791883TZ-,0.00105716
BMN090707US2018,BMN090534US2018,0.0031745
BMN090707US2018,BMN090512US2018,0.00352827
CMN097634ZA2016,CMN097604ZA2016,0.00779846
CMN097634ZA2016,CMN097612ZA2016,0.0103091
BMN090707US2018,BMN090531US2018,0.000351957
BMN090707US2018,BMN090567US2018,0
BMN090707US2018,BMN090655US2018,0.0031745
CMN097634ZA2016,CMN097619ZA2016,0.00922567
BMN090707US2018,BMN090664US2018,0.0031745
BMN090707US2018,BMN090524US2018,0.0031745
BMN090707US2018,BMN090686US2018,0
BMN090713US2018,BMN090593US2018,0.00317338
BMN090713US2018,BMN090505US2018,0.00317338
BMN090713US2018,BMN090529US2018,0.00352703
BMN090713US2018,BMK115694US2016,0
BMN090713US2018,BMN090547US2018,0
BMN090707US2018,BMN090649US2018,0
BMN090713US2018,BMN090658US2018,0.00317338
BMN090707US2018,BMN090591US2018,0.0031745
BMN090707US2018,BMN090532US2018,0.0031745
BMN090713US2018,BMN090580US2018,0.00317338
BMN090707US2018,BMN090540US2018,0.0031745
BMN090713US2018,BMN090546US2018,0.00317338
BMN090713US2018,BMN090673US2018,0.000351833
BMN090713US2018,BMN090491US2018,0.00317338
BMN090713US2018,BMN090464US2018,0
CMK458100BW-,CMK458083BW-,0.00141016
BMN090707US2018,BMN090692US2018,0.00211755
BMK383498US2005,BMK383486US2005,0
BMN090707US2018,BMN090581US2018,0.0031745
BMN090707US2018,BMN090722US2018,0.000351957
BMN090707US2018,BMN090713US2018,0
BMN090707US2018,BMN090593US2018,0.0031745
BMN090707US2018,BMN090505US2018,0.0031745
BMN090707US2018,BMN090529US2018,0.00352827
BMN090707US2018,BMK115694US2016,0
BMK383498US2005,BMK383503US2005,0
A1MN791860TZ-,A1MN791853TZ-,0
CMK457839BW-,CMK457862BW-,0.00429326
BMN090707US2018,BMN090547US2018,0
A1MN791860TZ-,A1MN791851TZ-,0.000352586
BMN090707US2018,BMN090658US2018,0.0031745
CMK457839BW-,CMK457887BW-,0.00386615
BMN090707US2018,BMN090580US2018,0.0031745
BMN090707US2018,BMN090546US2018,0.0031745
BMN090707US2018,BMN090673US2018,0.000351957
BMN090707US2018,BMN090491US2018,0.0031745
BMK383498US2005,BMK383485US2005,0
BMK383457US2014,BMK384846US2014,0.0112214
BMN090707US2018,BMN090464US2018,0
BMN090931DE2018,BMN090942DE2018,0.0102937
BMK383457US2014,BMK383725US2014,0.0139137
BMN090931DE2018,BMN090874DE2018,0.00105681
BMK383498US2005,BMK383531US2005,0
BMK383457US2014,BMK383445US2014,0.0117583
CMK457902BW-,CMK457858BW-,0.000426945
BMK383457US2014,BMK383593US2011,0.0121103
BMN090593US2018,BMN090505US2018,0
BMN090593US2018,BMN090529US2018,0.000351957
BMK383457US2014,BMK384895US2015,0.0128379
BMN090593US2018,BMK115694US2016,0.0031745
BMK383457US2014,BMK385281US2014,0.00814727
BMK383457US2014,BMK383957US2014,0.00814727
BMK383457US2014,BMK384456US2015,0.0128258
BMN090593US2018,BMN090547US2018,0.0031745
BMN090931DE2018,BMN090858DE2018,0
BMN090931DE2018,BMN090881DE2018,0
BMN090593US2018,BMN090658US2018,0
BMN090593US2018,BMN090580US2018,0
BMN090593US2018,BMN090546US2018,0
BMN090593US2018,BMN090673US2018,0.00352758
BMN090593US2018,BMN090491US2018,0
BMN090593US2018,BMN090464US2018,0.0031745
BMN090931DE2018,BMN090923DE2018,0.0148151
BMK383457US2014,BMK385240US2014,0.00814727
BMK385560US2007,BMK385331US2015,0.0124748
BMK383498US2005,BMK383493US2005,0
BMN090655US2018,BMN090664US2018,0
BMN090655US2018,BMN090524US2018,0
01_AEMN792290TH-,01_AEMN792295TH-,0
BMK385560US2007,BMK383725US2014,0.00995218
01_AEMN792290TH-,01_AEMN792284TH-,0.00035183
BMN090655US2018,BMN090686US2018,0.0031745
CMK457902BW-,CMK457829BW-,0.000351833
BMT121311TH-,BMT121313TH-,0
BMK385560US2007,BMK384456US2015,0.0124748
CMK457902BW-,CMK457856BW-,0.000351833
BMN090655US2018,BMN090649US2018,0.0031745
-MN467341US2016,BMN467334US2016,0.0085991
BMN090655US2018,BMN090591US2018,0
BMN090655US2018,BMN090532US2018,0
BMN090655US2018,BMN090540US2018,0
BMK385158US2008,BMK383484US2007,0.0142483
01_AEMN792290TH-,01_AEMN792305TH-,0.00070378
BMN090266US2018,BMN090190US2018,0.00423722
BMN090655US2018,BMN090692US2018,0.00530352
CMK457902BW-,CMK457839BW-,0.00429903
BMN090266US2018,BMN090292US2018,0.0017609
BMN090874DE2018,BMN090858DE2018,0.00105681
BMN090874DE2018,BMN090881DE2018,0.00105681
BMN090655US2018,BMN090581US2018,0
BMN090655US2018,BMN090722US2018,0.00352758
BMT121311TH-,BMT121318TH-,0.000351953
BMT121311TH-,BMT121314TH-,0
BMN090655US2018,BMN090713US2018,0.00317338
BMN090655US2018,BMN090593US2018,0
01_AEMN792305TH-,01_AEMN792286TH-,0.00105604
CMK457902BW-,CMK457862BW-,0.000703783
01_AEMN792290TH-,01_AEMN792286TH-,0.00035183
BMN090655US2018,BMN090505US2018,0
BMN090655US2018,BMN090529US2018,0.000351957
BMN090874DE2018,BMN090923DE2018,0.0144448
BMN090655US2018,BMK115694US2016,0.0031745
BMN090655US2018,BMN090547US2018,0.0031745
CMK457902BW-,CMK457887BW-,0.000703651
BMK383536US2005,BMK383498US2005,0
BMN090655US2018,BMN090658US2018,0
BMK383536US2005,BMK383486US2005,0
BMN090655US2018,BMN090580US2018,0
BMN090655US2018,BMN090546US2018,0
BMN090655US2018,BMN090673US2018,0.00352758
BMN090655US2018,BMN090491US2018,0
BMN090655US2018,BMN090464US2018,0.0031745
BMK383536US2005,BMK383503US2005,0
01_AEJQ302572CN2009,01_AEJQ302673CN2009,0.00886827
CMK458058BW-,CMK458040BW-,0.00105792
BMK383536US2005,BMK383485US2005,0
BMN090190US2018,BMN090292US2018,0.00247188
BMK383536US2005,BMK383531US2005,0
BMK384543US2005,BMK383549US2005,0.0088673
BMN466989US2016,BMN467396US2016,0.00707791
CKX228818BR2007,CJN687655BR2007,0.00211745
BMK383536US2005,BMK383493US2005,0
01_AEJQ302572CN2009,01_AEKU050260CN2004,0.0149665
BMH663852--,BMH663850--,0.000704093
BMK384846US2014,BMK383445US2014,0.00688041
BMK384846US2014,BMK383593US2011,0.00257154
CMK458031BW-,CMK457974BW-,0.000352206
01_AEJQ302572CN2009,01_AEJQ028203CN2009,0.00281929
BMK384846US2014,BMK384895US2015,0.0086128
BMK384846US2014,BMK385281US2014,0.0133874
CMK457773BW-,CMK457964BW-,0.00428651
BMK384846US2014,BMK383957US2014,0.0133874
BMK384846US2014,BMK384456US2015,0.0142709
ACDMN791784KE-,ACDMN791798KE-,0.00176188
CMK458031BW-,CMK458008BW-,0
A1MN791334KE-,A1MN791339KE-,0.000351831
BMH663852--,BMH663818--,0.0128011
ACDMN791784KE-,ACDMN791777KE-,0.000704096
BMN466989US2016,BMN466984US2016,0.00780107
BMK384846US2014,BMK385240US2014,0.0133874
BMH663852--,BMH663874--,0.00957605
CMN791530KE-,CMN791521KE-,0.00886742
BMN090664US2018,BMN090524US2018,0
BMN090664US2018,BMN090686US2018,0.0031745
BMH663852--,BMH663899--,0.0117212
BMH663852--,BMH663807--,0.0117388
01_AEJQ302572CN2009,01_AEJQ302672CN2009,0.0131703
BMH663852--,BMH663886--,0.0106471
BMN090664US2018,BMN090649US2018,0.0031745
BKJ140266KR1992,BHQ026594KR1992,0.0138673
BMN090664US2018,BMN090591US2018,0
BMN090664US2018,BMN090532US2018,0
BMN090664US2018,BMN090540US2018,0
BMH663852--,BMH663811--,0.0131592
A1MN791334KE-,A1MN791396KE-,0.0085061
BMN090664US2018,BMN090692US2018,0.00530352
BMH663852--,BMH663855--,0
BMN090664US2018,BMN090581US2018,0
BMN090664US2018,BMN090722US2018,0.00352758
A1A2DMN791563KE-,A1A2DMN791554KE-,0.000351955
BMN090664US2018,BMN090713US2018,0.00317338
A1CDMN791807KE-,A1CDMN791821KE-,0.00176061
BMN090664US2018,BMN090593US2018,0
CMN791530KE-,CMN791516KE-,0.00565613
BMN090664US2018,BMN090505US2018,0
BMT155093CH-,BMT155357CH-,0.0147027
BMN090664US2018,BMN090529US2018,0.000351957
BMN090664US2018,BMK115694US2016,0.0031745
BMT155357CH-,BMT155103CH-,0.00299364
01_AEMN792250TH-,01_AEMN792252TH-,0.00141203
BMN090664US2018,BMN090547US2018,0.0031745
BMN090664US2018,BMN090658US2018,0
01_AEMN792250TH-,01_AEMN792249TH-,0.00388372
BMN090664US2018,BMN090580US2018,0
BMN090664US2018,BMN090546US2018,0
01_AEMN792250TH-,01_AEMN792234TH-,0.00423857
BMT155093CH-,BMT155103CH-,0.0147207
BMN090664US2018,BMN090673US2018,0.00352758
BMN090664US2018,BMN090491US2018,0
BMN090664US2018,BMN090464US2018,0.0031745
A1MN791988TZ-,A1MN791968TZ-,0.00140873
A1MN791988TZ-,A1MN791977TZ-,0.00140873
A1CDMN791807KE-,A1CDMN791799KE-,0.000704094
BMN090505US2018,BMN090529US2018,0.000351957
CMT194495ZM2008,CMT194468ZM2012,0.0031761
BMN090505US2018,BMK115694US2016,0.0031745
BMN090505US2018,BMN090547US2018,0.0031745
BMN090505US2018,BMN090658US2018,0
BMN090505US2018,BMN090580US2018,0
BMN090505US2018,BMN090546US2018,0
A1MN791339KE-,A1MN791396KE-,0.00886346
BMN090505US2018,BMN090673US2018,0.00352758
BMN090505US2018,BMN090491US2018,0
BMN792404TH-,BMN792406TH-,0.00105605
A1MN791228UG-,A1MN791223UG-,0.00673968
BMN090505US2018,BMN090464US2018,0.0031745
A1CDMN791807KE-,A1CDMN791801KE-,0.000351832
A1CDMN791807KE-,A1CDMN791805KE-,0.000704094
CMT194495ZM2008,CMT194497ZM2008,0.000351952
A1MN791988TZ-,A1MN791991TZ-,0.00140923
A1MN791187UG-,A1MN791171UG-,0.00886565
BMN792404TH-,BMN792399TH-,0
BMN792404TH-,BMN792382TH-,0
CMT195508ZM2007,CMT195506ZM2007,0.0014133
BMK169620US2018,BMK169626US2018,0.0127976
BMK169620US2018,BMK169635US2018,0.0120964
BMK169620US2018,BMK169641US2018,0
BMK169620US2018,BMK169599US2018,0
BMK169620US2018,BMK169643US2018,0
CMT195508ZM2007,CMT195505ZM2007,0.000352322
ADMN791661KE-,ADMN791656KE-,0.00282381
01_AEMK272482TH2009,01_AEMK272495TH2009,0
01_AEMN792526TH-,01_AEMN792545TH-,0.000704525
01_AEMN792526TH-,01_AEMN792523TH-,0.000352203
BMH663811--,BMH663855--,0.0131732
A1MN791187UG-,A1MN791185UG-,0.000704094
A1MN791187UG-,A1MN791201UG-,0.00672243
BMN090524US2018,BMN090686US2018,0.0031745
BMK115694US2016,BMN090547US2018,0
BMK115694US2016,BMN090658US2018,0.0031745
01_AEMT121928TH-,01_AEMT121923TH-,0
BMK115694US2016,BMN090580US2018,0.0031745
BMK115694US2016,BMN090546US2018,0.0031745
BMN090524US2018,BMN090649US2018,0.0031745
BMN090529US2018,BMK115694US2016,0.00352827
BMN090524US2018,BMN090591US2018,0
BMN090524US2018,BMN090532US2018,0
BMN090524US2018,BMN090540US2018,0
BMK115694US2016,BMN090673US2018,0.000351957
BMN090529US2018,BMN090547US2018,0.00352827
BMK115694US2016,BMN090491US2018,0.0031745
BMN090529US2018,BMN090658US2018,0.000351957
A1MN791187UG-,A1MN791175UG-,0.00922223
BMN090524US2018,BMN090692US2018,0.00530352
BMN090529US2018,BMN090580US2018,0.000351957
BMN090529US2018,BMN090546US2018,0.000351957
BMK115694US2016,BMN090464US2018,0
BMN090529US2018,BMN090673US2018,0.00388123
BMN090529US2018,BMN090491US2018,0.000351957
BMN090524US2018,BMN090581US2018,0
BMN090529US2018,BMN090464US2018,0.00352827
BMN090524US2018,BMN090722US2018,0.00352758
BMN090524US2018,BMN090713US2018,0.00317338
BMN090524US2018,BMN090593US2018,0
BMN090524US2018,BMN090505US2018,0
BMN090524US2018,BMN090529US2018,0.000351957
BMN090524US2018,BMK115694US2016,0.0031745
BMK383725US2014,BMK383445US2014,0.0121031
BMK383725US2014,BMK383593US2011,0.0146349
BMK383725US2014,BMK384895US2015,0.0131803
BMN090524US2018,BMN090547US2018,0.0031745
A1MN791187UG-,A1MN791186UG-,0.00070383
BMN090524US2018,BMN090658US2018,0
BMK383725US2014,BMK384456US2015,0.0102958
CMK457974BW-,CMK458008BW-,0.000352206
BMK383486US2005,BMK383503US2005,0
BMN090524US2018,BMN090580US2018,0
BMN090524US2018,BMN090546US2018,0
BMN090524US2018,BMN090673US2018,0.00352758
BMN090524US2018,BMN090491US2018,0
BMN090524US2018,BMN090464US2018,0.0031745
BMK383486US2005,BMK383485US2005,0
A1MN791187UG-,A1MN791193UG-,0.00672326
ADMN791271UG-,ADMN791260UG-,0.00105605
BMK383486US2005,BMK383531US2005,0
CMN097604ZA2016,CMN097612ZA2016,0.0102846
BMK383445US2014,BMK383593US2011,0.00745287
BMK383445US2014,BMK384895US2015,0.0024681
BMK383445US2014,BMK385281US2014,0.0149905
BMK383445US2014,BMK383957US2014,0.0149905
BMK383445US2014,BMK384456US2015,0.0117373
CMN097604ZA2016,CMN097619ZA2016,0.0113767
BMK383445US2014,BMK385240US2014,0.0149905
BMN090858DE2018,BMN090881DE2018,0
CMK457862BW-,CMK457887BW-,0.000703831
BMN090858DE2018,BMN090923DE2018,0.0148151
BMN090547US2018,BMN090658US2018,0.0031745
BMN090547US2018,BMN090580US2018,0.0031745
BMN090547US2018,BMN090546US2018,0.0031745
BMK383486US2005,BMK383493US2005,0
BMN090547US2018,BMN090673US2018,0.000351957
BMN090547US2018,BMN090491US2018,0.0031745
CMN791521KE-,CMN791516KE-,0.0110129
BMN090547US2018,BMN090464US2018,0
BMN090881DE2018,BMN090923DE2018,0.0148151
CMN097612ZA2016,CMN097619ZA2016,0.0131651
BMK383593US2011,BMK384895US2015,0.00852141
BMK383593US2011,BMK385281US2014,0.0138929
BMK383593US2011,BMK383957US2014,0.0138929
BMK383593US2011,BMK384456US2015,0.0142634
BMN792399TH-,BMN792382TH-,0
BMK383593US2011,BMK385240US2014,0.0138929
BMK383790US2011,BMK385500US2015,0.0124445
BMK169626US2018,BMK169635US2018,0.0149826
BMK383790US2011,BMK385056US2007,0.014254
BMK169626US2018,BMK169641US2018,0.0127976
BMK169626US2018,BMK169599US2018,0.0127976
BMK383790US2011,BMK383614US2005,0.0149749
BMK169626US2018,BMK169643US2018,0.0127976
BMK383790US2011,BMK383478US2007,0.0117285
BMK383790US2011,BMK383443US2005,0.0149689
BMK383790US2011,BMK383677US2007,0.0113764
BMK383790US2011,BMK383630US2005,0.013889
BMK383468US2007,BMK384429US2007,0.0149875
BMK383790US2011,BMK383628US2005,0.013889
BMK383790US2011,BMK384168US2005,0.01101
BMK383790US2011,BMK384244US2007,0.00774098
A1MN791859TZ-,A1MN791866TZ-,0.00105602
A1MN791859TZ-,A1MN791868TZ-,0.000704102
BMK383790US2011,BMK384750US2015,0.0149922
BHQ026503KR1992,BHQ026594KR1992,0.0146162
BMK169530US2018,BMK169499US2018,0.00494434
BMK383790US2011,BMK385449US2011,0.00946578
BMK383790US2011,BMK384955US2018,0.00708084
A1MN791186UG-,A1MN791193UG-,0.00672039
BMK383468US2007,BMK383477US2007,0.0135444
A1MN791859TZ-,A1MN791860TZ-,0.000351834
BMK383468US2007,BMK383484US2007,0.0128093
A1MN791713KE-,A1MN791719KE-,0
A1MN791713KE-,A1MN791733KE-,0
BMK383790US2011,BMK383725US2014,0.0117348
BMK383790US2011,BMK383445US2014,0.0128064
01_AEMN792252TH-,01_AEMN792249TH-,0.00389188
BMK383790US2011,BMK384895US2015,0.0131684
01_AEMN792252TH-,01_AEMN792234TH-,0.00424728
BMK169635US2018,BMK169641US2018,0.0120964
BMK169635US2018,BMK169599US2018,0.0120964
BMK169635US2018,BMK169643US2018,0.0120964
01_AEMK272423TH2015,01_AEMK272431TH2015,0.000351718
01_AEMK272423TH2015,01_AEMK272429TH2015,0.000351718
BMK384895US2015,BMK384456US2015,0.0128177
BMK385281US2014,BMK383957US2014,0
BMK385281US2014,BMK384456US2015,0.0088708
A1MN791713KE-,A1MN791745KE-,0.00140968
BMK385281US2014,BMK385240US2014,0
BMN090658US2018,BMN090580US2018,0
BMN090658US2018,BMN090546US2018,0
BMN090658US2018,BMN090673US2018,0.00352758
A1MN791859TZ-,A1MN791853TZ-,0.000351834
BMN090658US2018,BMN090491US2018,0
BMN090658US2018,BMN090464US2018,0.0031745
01_AEJQ028203CN2009,01_AEJQ302672CN2009,0.0131652
BMK383957US2014,BMK384456US2015,0.0088708
A1MN791859TZ-,A1MN791851TZ-,0.000705389
BMK383957US2014,BMK385240US2014,0
01_AEMN792545TH-,01_AEMN792523TH-,0.000352322
BMK383438US2001,BMK383414US2001,0
CMK458132BW-,CMK458123BW-,0
CMN097681ZA2016,CMN097682ZA2016,0.0067249
BMK384456US2015,BMK385240US2014,0.0088708
BMN090580US2018,BMN090546US2018,0
BMN090580US2018,BMN090673US2018,0.00352758
BMN090580US2018,BMN090491US2018,0
BMN090580US2018,BMN090464US2018,0.0031745
BMN090546US2018,BMN090673US2018,0.00352758
BMN090546US2018,BMN090491US2018,0
01_AEMN792442TH-,01_AEMN792464TH-,0.00105604
BMN090764DE2018,BMN090805DE2018,0
BMN090764DE2018,BMN090837DE2018,0.000704096
BMN090546US2018,BMN090464US2018,0.0031745
01_AEMN792075TH-,01_AEMN792070TH-,0.00140916
01_AEMN792249TH-,01_AEMN792234TH-,0.000351832
BMK115138US2016,BMN090382US2018,0.00742609
01_AEMN792058TH-,01_AEMN792040TH-,0.00140866
01_AEMN792058TH-,01_AEMN792065TH-,0.00140872
BMK169641US2018,BMK169599US2018,0
CMN791921TZ-,CMN791918TZ-,0
BMK169641US2018,BMK169643US2018,0
01_AEMN792058TH-,01_AEMN792075TH-,0.00140866
01_AEMN792058TH-,01_AEMN792070TH-,0.0021152
BMN090491US2018,BMN090464US2018,0.0031745
BMK385115US2014,BMK384226US2010,0.0149835
01_AEMK272431TH2015,01_AEMK272429TH2015,0
BMN090805DE2018,BMN090837DE2018,0.000704096
BMN090673US2018,BMN090491US2018,0.00352758
BMN090673US2018,BMN090464US2018,0.000351957
BMK169599US2018,BMK169643US2018,0
BMK384324US2014,BMK385193US2009,0.0125329
BMT033886US-,BMT033446US-,0.00994298
BMK384324US2014,BMK385056US2007,0.0138922
BMK384324US2014,BMK383614US2005,0.0120925
BMK385115US2014,BMK384200US2010,0.0142578
BMK384324US2014,BMK383973US2007,0.0117483
BMK384324US2014,BMK383443US2005,0.0142612
A1CDMN791704KE-,A1CDMN791698KE-,0.000724278
A1CDMN791801KE-,A1CDMN791805KE-,0.000351832
BMK384324US2014,BMK385084US2014,0.0110192
BMK384324US2014,BMK383630US2005,0.0128303
BMT121318TH-,BMT121314TH-,0.000351953
BMK384324US2014,BMK383898US2014,0.0120904
BMK384324US2014,BMK383628US2005,0.0128303
BMK384324US2014,BMK384440US2011,0.0142643
BMK384324US2014,BMK385211US2009,0.0135595
BMK383477US2007,BMK383484US2007,0.0142567
BMK384324US2014,BMK385106US2018,0.0146362
BMK384324US2014,BMK384015US2014,0.0125329
BMK384324US2014,BMK385283US2015,0.0117378
01_AEAF128997TH1997,01_AEFJ185256VN1997,0.014632
BMK384324US2014,BMK385331US2015,0.0117378
BMK384324US2014,BMK383457US2014,0.0117483
BMK384324US2014,BMK384846US2014,0.0142997
BMK169619US2018,BMK169660US2018,0.0103002
BMK384324US2014,BMK383445US2014,0.0149993
BMK384324US2014,BMK383593US2011,0.0146397
BMK383898US2014,BMK383628US2005,0.0139034
BMK384324US2014,BMK385281US2014,0.0120904
BMK383898US2014,BMK384440US2011,0.00816609
BMK384324US2014,BMK383957US2014,0.0120904
BMK384324US2014,BMK384456US2015,0.0117378
BMK383898US2014,BMK385211US2009,0.0120887
BMK383898US2014,BMK385106US2018,0.0095738
BMK383898US2014,BMK384015US2014,0.00990488
BMK383898US2014,BMK385283US2015,0.0088708
BMK384324US2014,BMK385240US2014,0.0120904
BMK169812US2018,BMK169823US2018,0.00672381
BMK169619US2018,BMK169570US2018,0.0110221
01_AEMN792572TH-,01_AEMN792579TH-,0.00140873
BMK383898US2014,BMK385331US2015,0.0088708
BMK169812US2018,BMK169821US2018,0
BMK169619US2018,BMK169626US2018,0.0131623
BMK169619US2018,BMK169635US2018,0.0131669
BMK383898US2014,BMK383457US2014,0.00814727
BMK383898US2014,BMK384846US2014,0.0133874
BMK383898US2014,BMK383445US2014,0.0149905
BMK383898US2014,BMK383593US2011,0.0138929
BMK383898US2014,BMK385281US2014,0
BMK383898US2014,BMK383957US2014,0
BMK383898US2014,BMK384456US2015,0.0088708
BMK383898US2014,BMK385240US2014,0
01_AEMN792295TH-,01_AEMN792284TH-,0.00035183
BMK169812US2018,BMK169833US2018,0
01_AEMN792295TH-,01_AEMN792305TH-,0.00070378
BMK169812US2018,BMK169813US2018,0.0113722
BMN792406TH-,BMN792399TH-,0.00105605
01_AEMN792295TH-,01_AEMN792286TH-,0.00035183
BMN792406TH-,BMN792382TH-,0.00105605
CMK457858BW-,CMK457829BW-,0
CMK457858BW-,CMK457856BW-,0
A1MN791241UG-,A1MN791238UG-,0.00744906
BMK383652US2007,BMK383468US2007,0.0131862
CMK457858BW-,CMK457839BW-,0.00386615
CMK457858BW-,CMK457862BW-,0.000427102
BMK383652US2007,BMK383481US2007,0.0142436
A1MN791241UG-,A1MN791226UG-,0.0070895
CMK457858BW-,CMK457887BW-,0
A1MN791241UG-,A1MN791228UG-,0.00744907
A1MN791241UG-,A1MN791223UG-,0.00282634
BMK383652US2007,BMK383477US2007,0.00176136
BMK383652US2007,BMK383484US2007,0.0138918
BMN090453US2018,BMN090685US2018,0
BMN090453US2018,BMN090452US2018,0
BMN090453US2018,BMN090474US2018,0
BMN090453US2018,BMN090470US2018,0
BMN090453US2018,BMN090599US2018,0
BMN090453US2018,BMN090490US2018,0
BMN090453US2018,BMN090545US2018,0
BMN090453US2018,BMN090551US2018,0.0031745
BMN090453US2018,BMN090699US2018,0.00565584
BMN090453US2018,BMN090534US2018,0
BMN090453US2018,BMN090512US2018,0.000351956
BMN090453US2018,BMN090531US2018,0.00352758
BMN090453US2018,BMN090567US2018,0.0031745
BMN090453US2018,BMN090655US2018,0
BMN090453US2018,BMN090664US2018,0
BMN090453US2018,BMN090524US2018,0
BMN090453US2018,BMN090686US2018,0.0031745
BMN090453US2018,BMN090649US2018,0.0031745
BMN090453US2018,BMN090591US2018,0
BMN090453US2018,BMN090532US2018,0
BMN090453US2018,BMN090540US2018,0
BMN090453US2018,BMN090692US2018,0.00530352
BMN090453US2018,BMN090581US2018,0
BMN090453US2018,BMN090722US2018,0.00352758
BMN090453US2018,BMN090713US2018,0.00317338
BMN090453US2018,BMN090593US2018,0
BMN090453US2018,BMN090505US2018,0
BMN090453US2018,BMN090529US2018,0.000351957
BMN090453US2018,BMK115694US2016,0.0031745
BMN090453US2018,BMN090547US2018,0.0031745
BMN090453US2018,BMN090658US2018,0
BMN090453US2018,BMN090580US2018,0
BMN090453US2018,BMN090546US2018,0
BMN090453US2018,BMN090673US2018,0.00352758
BMN090453US2018,BMN090491US2018,0
BMN090453US2018,BMN090464US2018,0.0031745
01_AEMK272685TH2010,01_AEMK272393TH2010,0.00105827
A1MN791866TZ-,A1MN791868TZ-,0.00105602
A1MN791866TZ-,A1MN791860TZ-,0.000703652
A1MN791866TZ-,A1MN791853TZ-,0.000703652
A1MN791866TZ-,A1MN791851TZ-,0.00105828
01_AEMK272685TH2010,01_AEMK272394TH2010,0
BMK385193US2009,BMK383614US2005,0.0129787
BMK385193US2009,BMK383973US2007,0.000854052
BMK385193US2009,BMK383443US2005,0.0134018
BMK385193US2009,BMK385084US2014,0.00947992
BMK385193US2009,BMK383630US2005,0.0134308
BMK385193US2009,BMK383898US2014,0.00990488
BMK385193US2009,BMK383628US2005,0.0134308
BMK385193US2009,BMK384440US2011,0.0129631
BMK385193US2009,BMK385211US2009,0.0107862
BMK385193US2009,BMK385106US2018,0.00946603
BMK385193US2009,BMK384015US2014,0
BMK385193US2009,BMK385283US2015,0.0125375
BMK385193US2009,BMK385331US2015,0.0125375
BMK385193US2009,BMK383457US2014,0.000854052
BMK385193US2009,BMK384846US2014,0.0112241
BMK385193US2009,BMK383725US2014,0.0143053
BMK385193US2009,BMK383445US2014,0.0121163
BMK385193US2009,BMK383593US2011,0.0129826
BMK385193US2009,BMK384895US2015,0.0138684
BMK385193US2009,BMK385281US2014,0.00990488
A1CDMN791668KE-,A1CDMN791704KE-,0.00105713
BMK385193US2009,BMK383957US2014,0.00990488
BMK385193US2009,BMK384456US2015,0.0125375
BMK385193US2009,BMK385240US2014,0.00990488
BMK385500US2015,BMK385056US2007,0.0146156
BMN466999US2016,BMN466989US2016,0.00672337
BMK385500US2015,BMK383614US2005,0.013889
CMN791925TZ-,CMN791932TZ-,0.00353964
BMK385500US2015,BMK383478US2007,0.0149604
A1CDMN791668KE-,A1CDMN791698KE-,0.00181214
BMK385500US2015,BMK383443US2005,0.0146032
BMK385500US2015,BMK383677US2007,0.0110095
BMK385500US2015,BMK383630US2005,0.0128048
CMN791925TZ-,CMN791921TZ-,0.00212188
CMN791925TZ-,CMN791918TZ-,0.00212188
BMK385500US2015,BMK383628US2005,0.0128048
BMK385500US2015,BMK384168US2005,0.0142446
01_AEMK867645TH-,01_AEMK272438TH2015,0.00105601
01_AEMK867645TH-,01_AEMK867637TH-,0.009581
BMK385500US2015,BMK384244US2007,0.00902547
BMN466999US2016,BMN467396US2016,0.00742965
BMK385500US2015,BMK385449US2011,0.0107551
01_AEMK867645TH-,01_AEMK272436TH2015,0.00105601
BMN466999US2016,BMN466984US2016,0.00814867
BMK385500US2015,BMK384955US2018,0.00814196
01_AEMN791994TH-,01_AEMN791996TH-,0.000351831
BMK385500US2015,BMK383725US2014,0.0149684
BMK385500US2015,BMK383445US2014,0.013889
BMK385500US2015,BMK384895US2015,0.0149712
01_AEMN791994TH-,01_AEMN792018TH-,0.000351718
BMN090490US2018,BMN090545US2018,0
BMN090490US2018,BMN090551US2018,0.0031745
BMN090490US2018,BMN090699US2018,0.00565584
BMN090490US2018,BMN090534US2018,0
BMN090490US2018,BMN090512US2018,0.000351956
BMN090490US2018,BMN090531US2018,0.00352758
BMN090490US2018,BMN090567US2018,0.0031745
BMN090490US2018,BMN090655US2018,0
BMN090490US2018,BMN090664US2018,0
BMN090490US2018,BMN090524US2018,0
BMN090490US2018,BMN090686US2018,0.0031745
BMN090490US2018,BMN090649US2018,0.0031745
A1MN791868TZ-,A1MN791860TZ-,0.000351834
BMN090490US2018,BMN090591US2018,0
BMN090490US2018,BMN090532US2018,0
BMN090490US2018,BMN090540US2018,0
BMN090490US2018,BMN090692US2018,0.00530352
BMN090490US2018,BMN090581US2018,0
BMN090490US2018,BMN090722US2018,0.00352758
BMN090490US2018,BMN090713US2018,0.00317338
BMN090490US2018,BMN090593US2018,0
BMN090490US2018,BMN090505US2018,0
BMN090490US2018,BMN090529US2018,0.000351957
BMN090490US2018,BMK115694US2016,0.0031745
A1MN791868TZ-,A1MN791853TZ-,0.000351834
A1MN791868TZ-,A1MN791851TZ-,0.000705389
BMN090490US2018,BMN090547US2018,0.0031745
BMN090490US2018,BMN090658US2018,0
BMN090490US2018,BMN090580US2018,0
BMN090490US2018,BMN090546US2018,0
BMN090490US2018,BMN090673US2018,0.00352758
BMN090490US2018,BMN090491US2018,0
BMN090490US2018,BMN090464US2018,0.0031745
CMK458183BW-,CMK458181BW-,0.00247067
BMK383650US2007,BMK383431US2015,0.0131689
BMK169823US2018,BMK169821US2018,0.00672381
BMK383650US2007,BMK383663US2007,0.0149812
01BMN792209TH-,01BMN792212TH-,0.00141005
01BMN792209TH-,01BMN792191TH-,0.000352206
01_AEMK272438TH2015,01_AEMK867637TH-,0.00921793
BMK169823US2018,BMK169833US2018,0.00672381
BMK169823US2018,BMK169813US2018,0.00743242
01_AEMK272438TH2015,01_AEMK272436TH2015,0.000703635
BMN090545US2018,BMN090551US2018,0.0031745
BMN090545US2018,BMN090699US2018,0.00565584
BMN090545US2018,BMN090534US2018,0
BMN090545US2018,BMN090512US2018,0.000351956
BMN090545US2018,BMN090531US2018,0.00352758
BMN090545US2018,BMN090567US2018,0.0031745
BMN090545US2018,BMN090655US2018,0
BMN090545US2018,BMN090664US2018,0
BMN090545US2018,BMN090524US2018,0
BMN090545US2018,BMN090686US2018,0.0031745
BMN090545US2018,BMN090649US2018,0.0031745
BMN090545US2018,BMN090591US2018,0
BMN090545US2018,BMN090532US2018,0
BMN090545US2018,BMN090540US2018,0
BMN090545US2018,BMN090692US2018,0.00530352
BMN090545US2018,BMN090581US2018,0
BMN090545US2018,BMN090722US2018,0.00352758
BMN090545US2018,BMN090713US2018,0.00317338
BMN090545US2018,BMN090593US2018,0
BMN090545US2018,BMN090505US2018,0
BMN090545US2018,BMN090529US2018,0.000351957
BMN090545US2018,BMK115694US2016,0.0031745
BMN090545US2018,BMN090547US2018,0.0031745
CMK458142BW-,CMK458002BW-,0.000704395
BMN090545US2018,BMN090658US2018,0
BMN090545US2018,BMN090580US2018,0
BMN090545US2018,BMN090546US2018,0
BMN090545US2018,BMN090673US2018,0.00352758
BMN090545US2018,BMN090491US2018,0
BMN090545US2018,BMN090464US2018,0.0031745
CMK458142BW-,CMK458037BW-,0.000853862
BMH663887--,BMH663852--,0.00921891
BMH663887--,BMH663850--,0.00993521
CMK458142BW-,CMK458031BW-,0.000704395
CMK458142BW-,CMK457974BW-,0.00105714
BMH663887--,BMH663818--,0.00993535
CMK458142BW-,CMK458008BW-,0.000704395
BMH663887--,BMH663874--,0.0110151
BMH663887--,BMH663899--,0.00850825
BMH663887--,BMH663807--,0.00958072
BMH663887--,BMH663886--,0.00672098
BMH663887--,BMH663811--,0.0102881
BMH663887--,BMH663855--,0.0092287
CMK643671ZA2014,CMK643641ZA2014,0.00140873
CMK643671ZA2014,CMK643608ZA2014,0.000351831
CMK643671ZA2014,CMK643760ZA2014,0.000351831
CMK643671ZA2014,CMK643802ZA2014,0.000351831
CMK643671ZA2014,CMK643759ZA2014,0
CMK643671ZA2014,CMK643604ZA2014,0
CMK643671ZA2014,CMK643744ZA2014,0.000351831
CMK643671ZA2014,CMK643762ZA2014,0
CMK643671ZA2014,CMK643609ZA2014,0
CMK643671ZA2014,CMK643754ZA2014,0.000351831
CMK643671ZA2014,CMK643610ZA2014,0
BMN090749DE2018,BMN090784DE2018,0
BMN090749DE2018,BMN090806DE2018,0
CMK643671ZA2014,CMK643771ZA2014,0.000351953
BMN090749DE2018,BMN090746DE2018,0
BMN090749DE2018,BMN090839DE2018,0
BMK385515US2014,BMK383681US2014,0.0138878
BMH843767US2013,BMH843770US2013,0
BMN090749DE2018,BMN090764DE2018,0
BMN090749DE2018,BMN090805DE2018,0
BMH843767US2013,BMH843743US2013,0
BMN090749DE2018,BMN090837DE2018,0.000704096
BMH843767US2013,BMH843765US2013,0
BMN090512US2018,BMN090531US2018,0.00388123
BMK385515US2014,BMK383386US2010,0.0120883
BMN090512US2018,BMN090567US2018,0.00352827
01_AEJQ302563CN2009,01_AEKU050260CN2004,0.0142387
BMN090512US2018,BMN090655US2018,0.000351956
BMN090512US2018,BMN090664US2018,0.000351956
BMN090512US2018,BMN090524US2018,0.000351956
BMN090512US2018,BMN090686US2018,0.00352827
BMK385515US2014,BMK384200US2010,0.0120927
BMN090512US2018,BMN090649US2018,0.00352827
BMN090512US2018,BMN090591US2018,0.000351956
BMN090512US2018,BMN090532US2018,0.000351956
BMN090512US2018,BMN090540US2018,0.000351956
BMN090512US2018,BMN090692US2018,0.00565995
BMN090512US2018,BMN090581US2018,0.000351956
BMN090512US2018,BMN090722US2018,0.00388123
BMN090512US2018,BMN090713US2018,0.00352703
BMN090512US2018,BMN090593US2018,0.000351956
BMN090512US2018,BMN090505US2018,0.000351956
BMN090512US2018,BMN090529US2018,0.000704593
BMN090868DE2018,BMN090924DE2018,0
BMN090512US2018,BMK115694US2016,0.00352827
BMN090868DE2018,BMN090856DE2018,0.0081471
BMN090512US2018,BMN090547US2018,0.00352827
BMN090868DE2018,BMN090906DE2018,0.00850366
BMN090512US2018,BMN090658US2018,0.000351956
BMN090512US2018,BMN090580US2018,0.000351956
BMN090512US2018,BMN090546US2018,0.000351956
BMN090512US2018,BMN090673US2018,0.00388123
BMN090512US2018,BMN090491US2018,0.000351956
BMN090512US2018,BMN090464US2018,0.00352827
-MN467312US2016,BMN467317US2016,0.0103327
-MN467312US2016,-MN467341US2016,0.00773309
ADMN791267UG-,ADMN791252UG-,0
BMN090868DE2018,BMN090938DE2018,0.000351949
-MN467312US2016,BMN467334US2016,0.0103327
BMN090868DE2018,BMN090877DE2018,0
BMN090868DE2018,BMN090932DE2018,0.0081471
BMN090868DE2018,BMN090931DE2018,0
BMN090868DE2018,BMN090942DE2018,0.0102937
BMN090868DE2018,BMN090874DE2018,0.00105681
BMN090868DE2018,BMN090858DE2018,0
BMN090868DE2018,BMN090881DE2018,0
BMN090868DE2018,BMN090923DE2018,0.0148151
ADMN791267UG-,ADMN791271UG-,0.000703789
ADMN791267UG-,ADMN791260UG-,0.000351833
A6EF589039KZ2002,A6EF589040KZ2002,0.00707843
CMT194739ZM2006,CMT194749ZM2006,0.000703784
BMK169454US2018,BMK169470US2018,0.00282136
BMK169454US2018,BMK169431US2018,0.00423685
CMT194739ZM2006,CMT194744ZM2006,0.000703784
01BCKX353919CN2014,-MN752126CN2017,0.00886306
BMK169454US2018,BMK169433US2018,0.00388527
BMK169454US2018,BMK169422US2018,0.0042371
BMK169454US2018,BMK169480US2018,0.00636955
BMN090274US2018,BMN090209US2018,0.00317532
BMK169454US2018,BMK169472US2018,0.00494861
BMK169454US2018,BMK169464US2018,0.00494725
BMN090274US2018,BMN090241US2018,0.00246625
BMN090274US2018,BMN090270US2018,0.0021133
BMN090274US2018,BMN090266US2018,0.002467
BMN090274US2018,BMN090190US2018,0.0045957
BMH843770US2013,BMH843743US2013,0
BMH843770US2013,BMH843765US2013,0
01_AEMN792528TH-,01_AEMN792525TH-,0
BMN090274US2018,BMN090292US2018,0.0021133
01_AEMN792528TH-,01_AEMN792532TH-,0
01_AEMN792528TH-,01_AEMN792526TH-,0.000352203
BKJ704795US1978,BMK385355US2012,0.0146063
01_AEMN792528TH-,01_AEMN792545TH-,0.000352322
01_AEMN792528TH-,01_AEMN792523TH-,0
BMN090755DE2018,BMN090750DE2018,0.000704095
BMN090755DE2018,BMN090803DE2018,0
BMN090755DE2018,BMN090797DE2018,0
BMN090755DE2018,BMN090792DE2018,0
BMN090755DE2018,BMN090809DE2018,0
BMN090755DE2018,BMN090749DE2018,0
01_AEMK867637TH-,01_AEMK272436TH2015,0.00921793
BMN090755DE2018,BMN090784DE2018,0
BMN090755DE2018,BMN090806DE2018,0
BMN090755DE2018,BMN090746DE2018,0
BMN090755DE2018,BMN090839DE2018,0
BMN090809DE2018,BMN090749DE2018,0
BMN090755DE2018,BMN090764DE2018,0
BMK385084US2014,BMK383630US2005,0.0113867
BMN090755DE2018,BMN090805DE2018,0
BMN090809DE2018,BMN090784DE2018,0
BMN090809DE2018,BMN090806DE2018,0
BMK385084US2014,BMK383898US2014,0.00459291
BMK385084US2014,BMK383628US2005,0.0113867
BMN090809DE2018,BMN090746DE2018,0
BMK385084US2014,BMK384440US2011,0.00342285
BMN090755DE2018,BMN090837DE2018,0.000704096
BMK385084US2014,BMK385211US2009,0.0110168
BMK385084US2014,BMK384750US2015,0.0146472
BMK385084US2014,BMK385106US2018,0.0106556
BMK385084US2014,BMK384015US2014,0.00947992
BMK385084US2014,BMK385283US2015,0.0078027
BMK385520US2014,BMK384763US2015,0.0088708
BMK385520US2014,BMK384324US2014,0.0120904
BMK385520US2014,BMK385193US2009,0.00990488
BMN090809DE2018,BMN090839DE2018,0
BMK385084US2014,BMK385331US2015,0.0078027
BMK385084US2014,BMK383457US2014,0.00779602
BMK385520US2014,BMK383614US2005,0.0149838
BMK385084US2014,BMK384846US2014,0.0120849
BMK385084US2014,BMK383725US2014,0.0146292
BMK385084US2014,BMK383445US2014,0.0124697
BMK385084US2014,BMK383593US2011,0.0128222
BMK385084US2014,BMK384895US2015,0.0135502
BMK385084US2014,BMK385281US2014,0.00459291
BMK385520US2014,BMK383973US2007,0.00814727
BMK385084US2014,BMK383957US2014,0.00459291
BMK385084US2014,BMK384456US2015,0.0078027
BMN090809DE2018,BMN090764DE2018,0
BMK385520US2014,BMK385084US2014,0.00459291
BMN090809DE2018,BMN090805DE2018,0
BMK385520US2014,BMK383630US2005,0.0139034
BMK385084US2014,BMK385240US2014,0.00459291
BMK385520US2014,BMK383898US2014,0
BMN090809DE2018,BMN090837DE2018,0.000704096
BMK385520US2014,BMK383628US2005,0.0139034
BMK385520US2014,BMK384440US2011,0.00816609
BMK385520US2014,BMK385211US2009,0.0120887
ADMN791273UG-,ADMN791267UG-,0.00105642
BMK385520US2014,BMK385106US2018,0.0095738
BMK385520US2014,BMK384015US2014,0.00990488
BMK385520US2014,BMK385283US2015,0.0088708
ADMN791273UG-,ADMN791252UG-,0.00105642
BMK385520US2014,BMK385331US2015,0.0088708
BMK385520US2014,BMK383457US2014,0.00814727
BMK385520US2014,BMK384846US2014,0.0133874
BMK385520US2014,BMK383445US2014,0.0149905
BMK385520US2014,BMK383593US2011,0.0138929
BMK385520US2014,BMK385281US2014,0
BMK385520US2014,BMK383957US2014,0
BMK385520US2014,BMK384456US2015,0.0088708
07_BCJQ901073CN2008,07_BCJQ302604CN2009,0.0092175
BMK385520US2014,BMK385240US2014,0
ADMN791273UG-,ADMN791271UG-,0.00105605
ADMN791273UG-,ADMN791260UG-,0.00140869
01BMN792212TH-,01BMN792191TH-,0.00105663
BMK383478US2007,BMK383677US2007,0.0146021
BMK383478US2007,BMK383630US2005,0.0149709
BMK383478US2007,BMK383628US2005,0.0149709
BMK383478US2007,BMK384168US2005,0.0120879
BMK383478US2007,BMK384244US2007,0.0146976
BMK383478US2007,BMK384955US2018,0.0131631
BMK383478US2007,BMK383725US2014,0.0117215
BMK383478US2007,BMK383445US2014,0.013881
CMN097691ZA2016,CMN097681ZA2016,0.0106564
BMH663813--,BMH663890--,0.0131674
BMH663813--,BMH663887--,0.0106465
BMH663813--,BMH663852--,0.0135186
CMN097691ZA2016,CMN097682ZA2016,0.00885862
BMH663813--,BMH663850--,0.0142421
BMH663813--,BMH663818--,0.0106439
BMH663813--,BMH663874--,0.0131651
BMH663813--,BMH663899--,0.0142482
BMH663813--,BMH663807--,0.00958034
BMH663813--,BMH663886--,0.0113666
BMH663813--,BMH663811--,0.00743337
BHQ026548KR1992,BHQ026503KR1992,0.0124548
BMH663813--,BMH663855--,0.013533
BHQ026548KR1992,BHQ026568KR1992,0.0149784
BMK383571US2007,BMK383413US2012,0.0146174
BMK383571US2007,BMK385399US2007,0.0131542
BHQ026548KR1992,BMN237646KR1993,0.0135579
BHQ026548KR1992,BHQ026569KR1992,0.0149921
BHQ026548KR1992,BKJ140266KR1992,0.0142437
BMK383571US2007,BMK383650US2007,0.0128058
BMK383571US2007,BMK383431US2015,0.0146054
BHQ026548KR1992,BHQ026594KR1992,0.0113904
BMK383571US2007,BMK383663US2007,0.0113757
BMK383571US2007,BMK383656US2007,0.0138958
BMK383571US2007,BMK383484US2007,0.0124481
BMN090409US2018,BMN090386US2018,0.0106462
BMN090409US2018,BMN090388US2018,0.00957248
BMN090409US2018,BMN090414US2018,0.00814227
BMN090409US2018,BMN090416US2018,0.0106343
BMN090409US2018,BMN090415US2018,0.0117063
BMN090409US2018,BMK115138US2016,0.00742609
BMN090409US2018,BMN090382US2018,0
01_AEMT121771TH-,01_AEMT121772TH-,0
BMN090414US2018,BMN090416US2018,0.0102837
BMN090414US2018,BMN090415US2018,0.0102838
BMN090414US2018,BMK115138US2016,0.0077848
BMN090414US2018,BMN090382US2018,0.00814227
A1MN791397KE-,A1MN791334KE-,0.00850609
01_AEMT121771TH-,01_AEMG989529TH2014,0
A1MN791397KE-,A1MN791339KE-,0.00886344
A1MN791397KE-,A1MN791396KE-,0.000704564
BMN090792DE2018,BMN090809DE2018,0
BMN090792DE2018,BMN090749DE2018,0
BMN090792DE2018,BMN090784DE2018,0
BMN090792DE2018,BMN090806DE2018,0
BMN090792DE2018,BMN090746DE2018,0
BMN090792DE2018,BMN090839DE2018,0
BMN090792DE2018,BMN090764DE2018,0
BMN090792DE2018,BMN090805DE2018,0
BMN090792DE2018,BMN090837DE2018,0.000704096
01_AEAY358047TH1999,01_AEAY358046TH2000,0.00494516
01_AEAY358047TH1999,01_AEAY358048TH1999,0.00211614
BMN090685US2018,BMN090452US2018,0
BMN090685US2018,BMN090474US2018,0
BMN090685US2018,BMN090470US2018,0
BMN090685US2018,BMN090599US2018,0
BMN090685US2018,BMN090490US2018,0
BMN090685US2018,BMN090545US2018,0
BMN090685US2018,BMN090551US2018,0.0031745
BMN090685US2018,BMN090699US2018,0.00565584
BMN090685US2018,BMN090534US2018,0
BMN090685US2018,BMN090512US2018,0.000351956
BMN090685US2018,BMN090531US2018,0.00352758
BMN090685US2018,BMN090567US2018,0.0031745
BMN090685US2018,BMN090655US2018,0
BMN090685US2018,BMN090664US2018,0
BMN090685US2018,BMN090524US2018,0
BMN090685US2018,BMN090686US2018,0.0031745
01_AEMN792509TH-,01_AEMN792474TH-,0.000351831
BMN090685US2018,BMN090649US2018,0.0031745
BMN090685US2018,BMN090591US2018,0
BMN090685US2018,BMN090532US2018,0
BMN090685US2018,BMN090540US2018,0
BMN090685US2018,BMN090692US2018,0.00530352
BMN090685US2018,BMN090581US2018,0
BMN090685US2018,BMN090722US2018,0.00352758
BMN090685US2018,BMN090713US2018,0.00317338
BMN090685US2018,BMN090593US2018,0
BMN090685US2018,BMN090505US2018,0
BMN090685US2018,BMN090529US2018,0.000351957
BMN090685US2018,BMK115694US2016,0.0031745
BMN090685US2018,BMN090547US2018,0.0031745
BMN090685US2018,BMN090658US2018,0
BMN090685US2018,BMN090580US2018,0
BMN090685US2018,BMN090546US2018,0
BMN090685US2018,BMN090673US2018,0.00352758
BMN090685US2018,BMN090491US2018,0
BMN090685US2018,BMN090464US2018,0.0031745
01_AEMK272405TH2014,01_AEMK272408TH2014,0.00494608
CMT194484ZM2012,CMT194495ZM2008,0.00317466
CMT194484ZM2012,CMT194468ZM2012,0.00352992
ACDMN791795KE-,ACDMN791790KE-,0.00176137
CMT194484ZM2012,CMT194497ZM2008,0.00352812
ACDMN791795KE-,ACDMN791778KE-,0.000704095
BMN090452US2018,BMN090474US2018,0
BMN090452US2018,BMN090470US2018,0
BMN090452US2018,BMN090599US2018,0
BMN090452US2018,BMN090490US2018,0
BMN090452US2018,BMN090545US2018,0
BMN090452US2018,BMN090551US2018,0.0031745
ACDMN791795KE-,ACDMN791776KE-,0.000351832
BMN090452US2018,BMN090699US2018,0.00565584
BMN090452US2018,BMN090534US2018,0
BMN090452US2018,BMN090512US2018,0.000351956
ACDMN791795KE-,ACDMN791784KE-,0.000351832
ACDMN791795KE-,ACDMN791798KE-,0.00211544
BMN090452US2018,BMN090531US2018,0.00352758
BMN090452US2018,BMN090567US2018,0.0031745
BMN090452US2018,BMN090655US2018,0
BMN090452US2018,BMN090664US2018,0
BMN090452US2018,BMN090524US2018,0
BMN090452US2018,BMN090686US2018,0.0031745
ACDMN791795KE-,ACDMN791777KE-,0.00105679
BMN090452US2018,BMN090649US2018,0.0031745
BMN090452US2018,BMN090591US2018,0
BMN090452US2018,BMN090532US2018,0
BMN090452US2018,BMN090540US2018,0
BMN090452US2018,BMN090692US2018,0.00530352
BMN090452US2018,BMN090581US2018,0
BMN090452US2018,BMN090722US2018,0.00352758
BMN090924DE2018,BMN090856DE2018,0.0081471
BMN090452US2018,BMN090713US2018,0.00317338
BMN090452US2018,BMN090593US2018,0
BMN090924DE2018,BMN090906DE2018,0.00850366
BMN090452US2018,BMN090505US2018,0
BMN090452US2018,BMN090529US2018,0.000351957
BMN090452US2018,BMK115694US2016,0.0031745
BMN090452US2018,BMN090547US2018,0.0031745
BMN090452US2018,BMN090658US2018,0
BMN090452US2018,BMN090580US2018,0
BMN090452US2018,BMN090546US2018,0
BMN090452US2018,BMN090673US2018,0.00352758
BMN090452US2018,BMN090491US2018,0
BMN090452US2018,BMN090464US2018,0.0031745
BMN090924DE2018,BMN090938DE2018,0.000351949
BMN090924DE2018,BMN090877DE2018,0
BMN090924DE2018,BMN090932DE2018,0.0081471
BMN090924DE2018,BMN090931DE2018,0
BMN090924DE2018,BMN090942DE2018,0.0102937
BMN090924DE2018,BMN090874DE2018,0.00105681
BMN090924DE2018,BMN090858DE2018,0
BMN090924DE2018,BMN090881DE2018,0
BMN090924DE2018,BMN090923DE2018,0.0148151
BMK169470US2018,BMK169431US2018,0.00282195
BMK169470US2018,BMK169433US2018,0.00176195
BMK169470US2018,BMK169422US2018,0.00211371
BMK169470US2018,BMK169480US2018,0.00352819
BMK169470US2018,BMK169472US2018,0.00211466
BMK169470US2018,BMK169464US2018,0.00211417
01_AEMN792525TH-,01_AEMN792532TH-,0
01_AEMN792525TH-,01_AEMN792526TH-,0.000352203
01_AEMN792525TH-,01_AEMN792545TH-,0.000352322
01_AEMN792525TH-,01_AEMN792523TH-,0
01_AEJQ028255CN2010,01_AEJQ302672CN2009,0.0146055
BMN090918DE2018,BMN090868DE2018,0.00106615
07_BCKJ820306CN2009,07_BCAF286226CN1997,0.0149633
BMN090918DE2018,BMN090924DE2018,0.00106615
BMN090918DE2018,BMN090856DE2018,0.00714472
BMN090918DE2018,BMN090906DE2018,0.00822244
CMK643571ZA2015,CMK643664ZA2015,0.000351833
BMN090918DE2018,BMN090938DE2018,0.00142164
BMN090918DE2018,BMN090877DE2018,0.00106615
BMN090918DE2018,BMN090932DE2018,0.00714472
BMN090918DE2018,BMN090931DE2018,0.00106615
BMN090918DE2018,BMN090942DE2018,0.00930743
BMN090918DE2018,BMN090874DE2018,0.000710399
BMN090918DE2018,BMN090858DE2018,0.00106615
BMN090918DE2018,BMN090881DE2018,0.00106615
BMN090918DE2018,BMN090923DE2018,0.0141973
BMN090551US2018,BMN090699US2018,0.00459034
BMN090551US2018,BMN090534US2018,0.0031745
BMK383413US2012,BMK385399US2007,0.0146223
BMN090551US2018,BMN090512US2018,0.00352827
BMN090551US2018,BMN090531US2018,0.000351957
BMN090551US2018,BMN090567US2018,0
BMK383413US2012,BMK385087US2015,0.0147227
BMN090551US2018,BMN090655US2018,0.0031745
BMN090551US2018,BMN090664US2018,0.0031745
BMN090551US2018,BMN090524US2018,0.0031745
BMN090551US2018,BMN090686US2018,0
BMN090551US2018,BMN090649US2018,0
BMN090551US2018,BMN090591US2018,0.0031745
BMN090551US2018,BMN090532US2018,0.0031745
BMN090551US2018,BMN090540US2018,0.0031745
BMN090551US2018,BMN090692US2018,0.00211755
BMN090551US2018,BMN090581US2018,0.0031745
BMN090551US2018,BMN090722US2018,0.000351957
BMN090551US2018,BMN090713US2018,0
BMN090551US2018,BMN090593US2018,0.0031745
BMN090551US2018,BMN090505US2018,0.0031745
BMN090551US2018,BMN090529US2018,0.00352827
BMN090551US2018,BMK115694US2016,0
BMN090551US2018,BMN090547US2018,0
BMN090551US2018,BMN090658US2018,0.0031745
BMN090551US2018,BMN090580US2018,0.0031745
BMN090551US2018,BMN090546US2018,0.0031745
BMN090551US2018,BMN090673US2018,0.000351957
BMN090551US2018,BMN090491US2018,0.0031745
BMN090551US2018,BMN090464US2018,0
BMK383413US2012,BMK383663US2007,0.0124647
BMK385056US2007,BMK383614US2005,0.00317652
BMK385056US2007,BMK383478US2007,0.012805
BMK385056US2007,BMK383973US2007,0.0149958
BMK385056US2007,BMK383443US2005,0.0149779
BMK385056US2007,BMK383677US2007,0.00851046
BMK385056US2007,BMK385084US2014,0.014987
BMK385056US2007,BMK383630US2005,0.0128217
BMK385056US2007,BMK383628US2005,0.0128217
BMK385056US2007,BMK384168US2005,0.0128052
BMK385056US2007,BMK385211US2009,0.0146175
BMK385056US2007,BMK385106US2018,0.0142496
BMK385056US2007,BMK385283US2015,0.00707817
BMK385056US2007,BMK385560US2007,0.0117484
BMK385056US2007,BMK385331US2015,0.00707817
BMK383413US2012,BMK383484US2007,0.0149833
BMK385056US2007,BMK384955US2018,0.0142549
BMK385056US2007,BMK383457US2014,0.0149958
BMK169765US2018,BMK169780US2018,0.00779148
BMK385056US2007,BMK383725US2014,0.00957553
BMK385056US2007,BMK383445US2014,0.0139002
BMK385056US2007,BMK384895US2015,0.0149844
BMK385056US2007,BMK384456US2015,0.00707817
BMK169765US2018,BMK169812US2018,0.00922652
BMK169765US2018,BMK169823US2018,0.00672366
BMK169765US2018,BMK169821US2018,0.00922652
ADMN791448KE-,DMN791470KE-,0.000351832
ADMN791448KE-,DMN791461KE-,0.000351832
ADMN791448KE-,DMN791477KE-,0.00140874
ADMN791448KE-,ADMN791451KE-,0
BMK169765US2018,BMK169833US2018,0.00922652
BMK169765US2018,BMK169813US2018,0.00993534
BMT155063CH-,BMT155104CH-,0.00514023
BMT155063CH-,BMT155043CH-,0.0045875
01_AEMT121611TH-,01_AEMT121615TH-,0.000351831
BMT155063CH-,BMT155357CH-,0.00387986
BMT155063CH-,BMT155103CH-,0.00686382
BMK383528US2005,BMK383536US2005,0
BMK383528US2005,BMK383498US2005,0
BMK383528US2005,BMK383486US2005,0
BMK383528US2005,BMK383503US2005,0
BMK383528US2005,BMK383485US2005,0
BMK383528US2005,BMK383531US2005,0
BMK383528US2005,BMK383493US2005,0
CMK458099BW-,CMK458098BW-,0.000351832
CMK458099BW-,CMK458100BW-,0.000352204
CMK458099BW-,CMK458083BW-,0.00105641
BMN090750DE2018,BMN090803DE2018,0.000704095
BMN090750DE2018,BMN090797DE2018,0.000704095
BMN090750DE2018,BMN090792DE2018,0.000704095
BMN090750DE2018,BMN090809DE2018,0.000704095
BMN090750DE2018,BMN090749DE2018,0.000704095
BMN090750DE2018,BMN090784DE2018,0.000704095
BMN090750DE2018,BMN090806DE2018,0.000704095
BMN090750DE2018,BMN090746DE2018,0.000704095
BMN090750DE2018,BMN090839DE2018,0.000704095
BMN090750DE2018,BMN090764DE2018,0.000704095
BMN090750DE2018,BMN090805DE2018,0.000704095
BMN090750DE2018,BMN090837DE2018,0.00140992
BMK385224US2005,BMK384463US2018,0.00885894
BMK385224US2005,BMK383790US2011,0.0113598
BMK385224US2005,BMK385500US2015,0.014598
BMK385224US2005,BMK383478US2007,0.0131559
BMK385224US2005,BMK383443US2005,0.0142408
BMK385224US2005,BMK383677US2007,0.0142537
BMK385224US2005,BMK383630US2005,0.0124577
BMK385224US2005,BMK383628US2005,0.0124577
BMK385224US2005,BMK384168US2005,0.0146033
BMK385224US2005,BMK384244US2007,0.00989522
BMK385224US2005,BMK385211US2009,0.0135352
BMK385224US2005,BMK384750US2015,0.0149842
BMK385224US2005,BMK385449US2011,0.0116271
BMK385224US2005,BMK384955US2018,0.00850073
BMK385224US2005,BMK383445US2014,0.0120889
BMK385224US2005,BMK384895US2015,0.0131698
01_AEMT121723TH-,01_AEMT121721TH-,0.000351842
01_AEMT121723TH-,01_AEMT121725TH-,0.000704091
BMK169780US2018,BMK169812US2018,0.00743531
BMK169780US2018,BMK169823US2018,0.00636245
BMK169780US2018,BMK169821US2018,0.00743531
BMK169780US2018,BMK169833US2018,0.00743531
BMK169780US2018,BMK169813US2018,0.00885995
A1MN791171UG-,A1MN791185UG-,0.00957925
A1MN791171UG-,A1MN791201UG-,0.00281985
A1MN791171UG-,A1MN791175UG-,0.000351832
A1MN791171UG-,A1MN791186UG-,0.00886148
A1MN791171UG-,A1MN791193UG-,0.00352812
BMN090803DE2018,BMN090797DE2018,0
BMN090803DE2018,BMN090792DE2018,0
BMN090803DE2018,BMN090809DE2018,0
BMN090803DE2018,BMN090749DE2018,0
BMN090803DE2018,BMN090784DE2018,0
BMN090803DE2018,BMN090806DE2018,0
BMN090803DE2018,BMN090746DE2018,0
BMN090803DE2018,BMN090839DE2018,0
BMN090803DE2018,BMN090764DE2018,0
BMN090803DE2018,BMN090805DE2018,0
BMN090803DE2018,BMN090837DE2018,0.000704096
01_AEMN792030TH-,01_AEMN792023TH-,0.00105604
01_AEMN792030TH-,01_AEMN791994TH-,0.00105604
01_AEMN792030TH-,01_AEMN791996TH-,0.00140873
01_AEMN792030TH-,01_AEMN792018TH-,0.00140812
01_AEMN792023TH-,01_AEMN791994TH-,0
01_AEMN792023TH-,01_AEMN791996TH-,0.000351831
01_AEMN792023TH-,01_AEMN792018TH-,0.000351718
BMN090386US2018,BMN090388US2018,0.00958676
BMN090386US2018,BMN090414US2018,0.00956957
BMN090386US2018,BMN090416US2018,0.00993
BMN090386US2018,BMN090415US2018,0.0124265
BMN090386US2018,BMK115138US2016,0.00885642
BMN090386US2018,BMN090382US2018,0.0106462
01_AEMN792445TH-,01_AEMN792454TH-,0.00317467
01_AEMN792445TH-,01_AEMN792435TH-,0.00458865
01_AEMN792445TH-,01_AEMN792437TH-,0.000351951
01_AEMN792445TH-,01_AEMN792432TH-,0.00423382
01_AEMN792445TH-,01_AEMN792442TH-,0.000351832
01_AEMN792445TH-,01_AEMN792464TH-,0.000703783
BMK384226US2010,BMK385515US2014,0.0120877
BMK384226US2010,BMK383386US2010,0.00886145
BMK384226US2010,BMK384200US2010,0.00779176
BMK385399US2007,BMK385087US2015,0.0142744
BMK385399US2007,BMK383561US2007,0.0135308
BMK385399US2007,BMK383466US2007,0.013162
BMK385399US2007,BMK383652US2007,0.0128029
BMK385399US2007,BMK383468US2007,0.0146062
BMK385399US2007,BMK383481US2007,0.0106527
BMK385399US2007,BMK383663US2007,0.0149736
BMK385399US2007,BMK383477US2007,0.0138873
BMK385399US2007,BMK383484US2007,0.0117287
BMK169431US2018,BMK169433US2018,0.00388232
BMK169431US2018,BMK169422US2018,0.00423585
BMK169431US2018,BMK169480US2018,0.0063681
BMK169431US2018,BMK169472US2018,0.00494729
BMK169431US2018,BMK169464US2018,0.00494882
BMN090388US2018,BMN090414US2018,0.0077874
BMN090388US2018,BMN090416US2018,0.0102887
BMN090388US2018,BMN090415US2018,0.00992234
BMN090388US2018,BMK115138US2016,0.00850398
BMN090388US2018,BMN090382US2018,0.00957248
01_AEMT121659TH-,01_AEMT121660TH-,0.00352748
BMN467388US2016,BMN467271US2016,0.00388392
BMN467388US2016,-MN467202US2016,0.0017097
CMK457798BW-,CMK457814BW-,0
01_AEJQ302705CN2009,01_AEKU050260CN2004,0.0142533
01_AEJQ302705CN2009,01_AEJQ302672CN2009,0.0138927
BMH843818US2014,BMH843813US2014,0.00860697
ADMN791258UG-,ADMN791264UG-,0.000704394
ADMN791258UG-,ADMN791268UG-,0.000352205
ADMN791258UG-,ADMN791273UG-,0.00141018
ADMN791258UG-,ADMN791267UG-,0.000352205
ADMN791258UG-,ADMN791252UG-,0.000352205
ADMN791258UG-,ADMN791271UG-,0.00105717
ADMN791258UG-,ADMN791260UG-,0.000704843
